{
"meta":{"test_sets":[],"test_metrics":[],"learn_metrics":[{"best_value":"Min","name":"Logloss"}],"launch_mode":"Train","parameters":"","iteration_count":1000,"learn_sets":["learn"],"name":"experiment"},
"iterations":[
{"learn":[0.6847736592],"iteration":0,"passed_time":0.06046574754,"remaining_time":60.40528179},
{"learn":[0.676321899],"iteration":1,"passed_time":0.06362034421,"remaining_time":31.74655176},
{"learn":[0.6679587851],"iteration":2,"passed_time":0.06615885753,"remaining_time":21.98679365},
{"learn":[0.6608626697],"iteration":3,"passed_time":0.06861069697,"remaining_time":17.08406355},
{"learn":[0.6538132648],"iteration":4,"passed_time":0.07104179582,"remaining_time":14.13731737},
{"learn":[0.6464622653],"iteration":5,"passed_time":0.07362595764,"remaining_time":12.19736698},
{"learn":[0.6385003434],"iteration":6,"passed_time":0.07632919621,"remaining_time":10.82784169},
{"learn":[0.6324111004],"iteration":7,"passed_time":0.07960211993,"remaining_time":9.870662872},
{"learn":[0.6260100384],"iteration":8,"passed_time":0.08192367917,"remaining_time":9.02070734},
{"learn":[0.619078448],"iteration":9,"passed_time":0.08463941168,"remaining_time":8.379301756},
{"learn":[0.6130648243],"iteration":10,"passed_time":0.08603388859,"remaining_time":7.735228711},
{"learn":[0.6062536434],"iteration":11,"passed_time":0.08756943335,"remaining_time":7.209883346},
{"learn":[0.5995963479],"iteration":12,"passed_time":0.08908852677,"remaining_time":6.763875071},
{"learn":[0.5933993593],"iteration":13,"passed_time":0.0906480618,"remaining_time":6.384213495},
{"learn":[0.5871360935],"iteration":14,"passed_time":0.09203079248,"remaining_time":6.043355373},
{"learn":[0.5818349099],"iteration":15,"passed_time":0.09416975971,"remaining_time":5.791440222},
{"learn":[0.5766782177],"iteration":16,"passed_time":0.09562471212,"remaining_time":5.529358354},
{"learn":[0.5723594614],"iteration":17,"passed_time":0.09707587406,"remaining_time":5.296028241},
{"learn":[0.5672736135],"iteration":18,"passed_time":0.09843582297,"remaining_time":5.082396965},
{"learn":[0.5626989352],"iteration":19,"passed_time":0.09987111635,"remaining_time":4.893684701},
{"learn":[0.5578203266],"iteration":20,"passed_time":0.100826937,"remaining_time":4.700455778},
{"learn":[0.55387785],"iteration":21,"passed_time":0.1021434455,"remaining_time":4.540740443},
{"learn":[0.5483710879],"iteration":22,"passed_time":0.1037839478,"remaining_time":4.408561607},
{"learn":[0.5430582267],"iteration":23,"passed_time":0.1050755074,"remaining_time":4.273070634},
{"learn":[0.5389441665],"iteration":24,"passed_time":0.1065316253,"remaining_time":4.154733388},
{"learn":[0.5348819032],"iteration":25,"passed_time":0.1086141144,"remaining_time":4.068851825},
{"learn":[0.5314242305],"iteration":26,"passed_time":0.1103020554,"remaining_time":3.974959257},
{"learn":[0.5274949885],"iteration":27,"passed_time":0.1118254381,"remaining_time":3.881940209},
{"learn":[0.5221698787],"iteration":28,"passed_time":0.113247029,"remaining_time":3.791822938},
{"learn":[0.5179251327],"iteration":29,"passed_time":0.1147363835,"remaining_time":3.709809734},
{"learn":[0.5142376439],"iteration":30,"passed_time":0.1161134085,"remaining_time":3.629480414},
{"learn":[0.5102452907],"iteration":31,"passed_time":0.1176675287,"remaining_time":3.559442744},
{"learn":[0.506055767],"iteration":32,"passed_time":0.1191488874,"remaining_time":3.491423459},
{"learn":[0.5014015769],"iteration":33,"passed_time":0.1206870561,"remaining_time":3.428932242},
{"learn":[0.497937676],"iteration":34,"passed_time":0.1222941549,"remaining_time":3.371824556},
{"learn":[0.4935737662],"iteration":35,"passed_time":0.1236475235,"remaining_time":3.311005906},
{"learn":[0.4895210007],"iteration":36,"passed_time":0.1252565804,"remaining_time":3.260056404},
{"learn":[0.4856163596],"iteration":37,"passed_time":0.126669133,"remaining_time":3.206729104},
{"learn":[0.4825870228],"iteration":38,"passed_time":0.1280519477,"remaining_time":3.155331326},
{"learn":[0.4801392847],"iteration":39,"passed_time":0.1296148563,"remaining_time":3.110756552},
{"learn":[0.477011233],"iteration":40,"passed_time":0.1310779724,"remaining_time":3.065945746},
{"learn":[0.4731589596],"iteration":41,"passed_time":0.132552208,"remaining_time":3.023452745},
{"learn":[0.4692962024],"iteration":42,"passed_time":0.1339064932,"remaining_time":2.980198001},
{"learn":[0.4662307428],"iteration":43,"passed_time":0.1355261699,"remaining_time":2.944614055},
{"learn":[0.4623486785],"iteration":44,"passed_time":0.1369182728,"remaining_time":2.905710011},
{"learn":[0.4594276584],"iteration":45,"passed_time":0.1382942982,"remaining_time":2.868103488},
{"learn":[0.4564677128],"iteration":46,"passed_time":0.1396966879,"remaining_time":2.832573267},
{"learn":[0.4525487991],"iteration":47,"passed_time":0.1414019968,"remaining_time":2.804472937},
{"learn":[0.449058896],"iteration":48,"passed_time":0.1430521202,"remaining_time":2.776378904},
{"learn":[0.4458798778],"iteration":49,"passed_time":0.1445443065,"remaining_time":2.746341823},
{"learn":[0.4438033331],"iteration":50,"passed_time":0.1459786842,"remaining_time":2.716348458},
{"learn":[0.4418159537],"iteration":51,"passed_time":0.1473071879,"remaining_time":2.685523348},
{"learn":[0.4397981605],"iteration":52,"passed_time":0.1487498533,"remaining_time":2.657851152},
{"learn":[0.4376424673],"iteration":53,"passed_time":0.1501173411,"remaining_time":2.629833421},
{"learn":[0.4351251823],"iteration":54,"passed_time":0.1515779153,"remaining_time":2.604384181},
{"learn":[0.4323970769],"iteration":55,"passed_time":0.1529785557,"remaining_time":2.578781367},
{"learn":[0.4302295244],"iteration":56,"passed_time":0.1543371302,"remaining_time":2.55333182},
{"learn":[0.4278784771],"iteration":57,"passed_time":0.1559752164,"remaining_time":2.533252652},
{"learn":[0.4252482044],"iteration":58,"passed_time":0.1575249634,"remaining_time":2.51238967},
{"learn":[0.4229355637],"iteration":59,"passed_time":0.1590411819,"remaining_time":2.491645184},
{"learn":[0.4200321379],"iteration":60,"passed_time":0.160689389,"remaining_time":2.47356289},
{"learn":[0.4173597998],"iteration":61,"passed_time":0.1622326797,"remaining_time":2.454423444},
{"learn":[0.4153383216],"iteration":62,"passed_time":0.1636811767,"remaining_time":2.434432739},
{"learn":[0.413294111],"iteration":63,"passed_time":0.1651501644,"remaining_time":2.415321154},
{"learn":[0.4108961975],"iteration":64,"passed_time":0.166619528,"remaining_time":2.396757825},
{"learn":[0.4085902519],"iteration":65,"passed_time":0.1681257506,"remaining_time":2.379234107},
{"learn":[0.4067181698],"iteration":66,"passed_time":0.1700206497,"remaining_time":2.367600988},
{"learn":[0.4046325424],"iteration":67,"passed_time":0.171564899,"remaining_time":2.351448321},
{"learn":[0.402554285],"iteration":68,"passed_time":0.1730137698,"remaining_time":2.33443217},
{"learn":[0.4004188589],"iteration":69,"passed_time":0.1745246156,"remaining_time":2.318684179},
{"learn":[0.3987929935],"iteration":70,"passed_time":0.1758001817,"remaining_time":2.300258716},
{"learn":[0.3964978692],"iteration":71,"passed_time":0.1771637542,"remaining_time":2.283443942},
{"learn":[0.3953496193],"iteration":72,"passed_time":0.1786666871,"remaining_time":2.268822178},
{"learn":[0.3940809081],"iteration":73,"passed_time":0.1801971499,"remaining_time":2.254899471},
{"learn":[0.3923731953],"iteration":74,"passed_time":0.1817570178,"remaining_time":2.241669887},
{"learn":[0.3903498487],"iteration":75,"passed_time":0.1832721129,"remaining_time":2.228203056},
{"learn":[0.3887519577],"iteration":76,"passed_time":0.1846408082,"remaining_time":2.213291766},
{"learn":[0.387462616],"iteration":77,"passed_time":0.1860547763,"remaining_time":2.199262868},
{"learn":[0.3863098767],"iteration":78,"passed_time":0.1877120217,"remaining_time":2.188389519},
{"learn":[0.3848062892],"iteration":79,"passed_time":0.189715002,"remaining_time":2.181722523},
{"learn":[0.3833530452],"iteration":80,"passed_time":0.1914111897,"remaining_time":2.171689917},
{"learn":[0.3817776271],"iteration":81,"passed_time":0.1930514,"remaining_time":2.161233966},
{"learn":[0.3800168719],"iteration":82,"passed_time":0.19436441,"remaining_time":2.147375469},
{"learn":[0.377901194],"iteration":83,"passed_time":0.195857263,"remaining_time":2.13577682},
{"learn":[0.3759401282],"iteration":84,"passed_time":0.1973955147,"remaining_time":2.124904658},
{"learn":[0.3745218913],"iteration":85,"passed_time":0.1988763306,"remaining_time":2.113639141},
{"learn":[0.3730761989],"iteration":86,"passed_time":0.200207791,"remaining_time":2.101031186},
{"learn":[0.3717449214],"iteration":87,"passed_time":0.201903187,"remaining_time":2.092451211},
{"learn":[0.3700195105],"iteration":88,"passed_time":0.2032172795,"remaining_time":2.08012294},
{"learn":[0.3685917757],"iteration":89,"passed_time":0.2045664408,"remaining_time":2.068394012},
{"learn":[0.367054297],"iteration":90,"passed_time":0.206073622,"remaining_time":2.058471675},
{"learn":[0.3658155584],"iteration":91,"passed_time":0.2073859233,"remaining_time":2.046808895},
{"learn":[0.3645663099],"iteration":92,"passed_time":0.2089047668,"remaining_time":2.037383048},
{"learn":[0.3633868159],"iteration":93,"passed_time":0.2104028257,"remaining_time":2.027925108},
{"learn":[0.3618192089],"iteration":94,"passed_time":0.2117096712,"remaining_time":2.016813183},
{"learn":[0.360402503],"iteration":95,"passed_time":0.2130662884,"remaining_time":2.006374216},
{"learn":[0.3589086468],"iteration":96,"passed_time":0.2145213658,"remaining_time":1.997039106},
{"learn":[0.357796935],"iteration":97,"passed_time":0.2156305003,"remaining_time":1.984680727},
{"learn":[0.356295112],"iteration":98,"passed_time":0.2170966972,"remaining_time":1.975799234},
{"learn":[0.3550340821],"iteration":99,"passed_time":0.2188436143,"remaining_time":1.969592528},
{"learn":[0.353729793],"iteration":100,"passed_time":0.2206058592,"remaining_time":1.963610568},
{"learn":[0.3528187551],"iteration":101,"passed_time":0.2220698079,"remaining_time":1.955085172},
{"learn":[0.3512217204],"iteration":102,"passed_time":0.2234946885,"remaining_time":1.946356656},
{"learn":[0.3498997331],"iteration":103,"passed_time":0.2249492241,"remaining_time":1.938024085},
{"learn":[0.3487562841],"iteration":104,"passed_time":0.2263761039,"remaining_time":1.92958679},
{"learn":[0.3476675384],"iteration":105,"passed_time":0.2278692488,"remaining_time":1.921840646},
{"learn":[0.3464019153],"iteration":106,"passed_time":0.2293400698,"remaining_time":1.914025069},
{"learn":[0.3452812247],"iteration":107,"passed_time":0.2307277165,"remaining_time":1.905640029},
{"learn":[0.344442147],"iteration":108,"passed_time":0.2320841668,"remaining_time":1.897128373},
{"learn":[0.3431401415],"iteration":109,"passed_time":0.2333798078,"remaining_time":1.888254808},
{"learn":[0.3420523819],"iteration":110,"passed_time":0.2347381324,"remaining_time":1.880019817},
{"learn":[0.3410847982],"iteration":111,"passed_time":0.2363299043,"remaining_time":1.873758527},
{"learn":[0.3402573722],"iteration":112,"passed_time":0.2378709049,"remaining_time":1.867181351},
{"learn":[0.3393575967],"iteration":113,"passed_time":0.2393126116,"remaining_time":1.859920824},
{"learn":[0.3383853938],"iteration":114,"passed_time":0.2418448355,"remaining_time":1.861153734},
{"learn":[0.337238701],"iteration":115,"passed_time":0.2434431049,"remaining_time":1.855204351},
{"learn":[0.3358583775],"iteration":116,"passed_time":0.244955451,"remaining_time":1.848680882},
{"learn":[0.3345444867],"iteration":117,"passed_time":0.2466147376,"remaining_time":1.843340666},
{"learn":[0.3332750489],"iteration":118,"passed_time":0.2481409522,"remaining_time":1.837077133},
{"learn":[0.332132612],"iteration":119,"passed_time":0.2494934871,"remaining_time":1.829618905},
{"learn":[0.3310117397],"iteration":120,"passed_time":0.2508026655,"remaining_time":1.821946636},
{"learn":[0.330212366],"iteration":121,"passed_time":0.2523756531,"remaining_time":1.816277241},
{"learn":[0.329210476],"iteration":122,"passed_time":0.253804782,"remaining_time":1.80964873},
{"learn":[0.3282309292],"iteration":123,"passed_time":0.2553045902,"remaining_time":1.803603396},
{"learn":[0.3270062297],"iteration":124,"passed_time":0.2569971544,"remaining_time":1.798980081},
{"learn":[0.326027202],"iteration":125,"passed_time":0.2585743492,"remaining_time":1.793603026},
{"learn":[0.3250934315],"iteration":126,"passed_time":0.2609071959,"remaining_time":1.793480173},
{"learn":[0.3239778272],"iteration":127,"passed_time":0.2632949363,"remaining_time":1.793696754},
{"learn":[0.3229916371],"iteration":128,"passed_time":0.2648966213,"remaining_time":1.788565559},
{"learn":[0.3218412853],"iteration":129,"passed_time":0.2667936026,"remaining_time":1.785464879},
{"learn":[0.3209870527],"iteration":130,"passed_time":0.2684358961,"remaining_time":1.780693081},
{"learn":[0.32018607],"iteration":131,"passed_time":0.2700902257,"remaining_time":1.776047848},
{"learn":[0.319347667],"iteration":132,"passed_time":0.2714915328,"remaining_time":1.769798188},
{"learn":[0.3185743994],"iteration":133,"passed_time":0.2728052505,"remaining_time":1.763054828},
{"learn":[0.3178602984],"iteration":134,"passed_time":0.2744607046,"remaining_time":1.758581552},
{"learn":[0.3169570715],"iteration":135,"passed_time":0.2759815883,"remaining_time":1.753294796},
{"learn":[0.3161703616],"iteration":136,"passed_time":0.2774033462,"remaining_time":1.747438597},
{"learn":[0.3154669262],"iteration":137,"passed_time":0.2788812473,"remaining_time":1.741997356},
{"learn":[0.3147453256],"iteration":138,"passed_time":0.2805954277,"remaining_time":1.738076714},
{"learn":[0.3138599006],"iteration":139,"passed_time":0.2819708293,"remaining_time":1.732106523},
{"learn":[0.3134166173],"iteration":140,"passed_time":0.2834818,"remaining_time":1.72702742},
{"learn":[0.3126589457],"iteration":141,"passed_time":0.285068532,"remaining_time":1.722456341},
{"learn":[0.3116436134],"iteration":142,"passed_time":0.2863160265,"remaining_time":1.715893949},
{"learn":[0.3108800252],"iteration":143,"passed_time":0.2877894714,"remaining_time":1.710748525},
{"learn":[0.3101580873],"iteration":144,"passed_time":0.2893248912,"remaining_time":1.706019186},
{"learn":[0.3094860259],"iteration":145,"passed_time":0.2906415657,"remaining_time":1.70005409},
{"learn":[0.3083457687],"iteration":146,"passed_time":0.2920336266,"remaining_time":1.694589683},
{"learn":[0.3073240267],"iteration":147,"passed_time":0.2934647137,"remaining_time":1.689404973},
{"learn":[0.3064474249],"iteration":148,"passed_time":0.2949706864,"remaining_time":1.68469835},
{"learn":[0.3053424342],"iteration":149,"passed_time":0.2964485045,"remaining_time":1.679874859},
{"learn":[0.3044159039],"iteration":150,"passed_time":0.2979352771,"remaining_time":1.675146028},
{"learn":[0.3036732836],"iteration":151,"passed_time":0.2994448733,"remaining_time":1.670587188},
{"learn":[0.3028568086],"iteration":152,"passed_time":0.3008131519,"remaining_time":1.66528588},
{"learn":[0.3021847472],"iteration":153,"passed_time":0.3022167081,"remaining_time":1.660229448},
{"learn":[0.301563237],"iteration":154,"passed_time":0.3044697531,"remaining_time":1.659851235},
{"learn":[0.3008808214],"iteration":155,"passed_time":0.305800048,"remaining_time":1.65445667},
{"learn":[0.300354471],"iteration":156,"passed_time":0.3071775318,"remaining_time":1.649367257},
{"learn":[0.2998830056],"iteration":157,"passed_time":0.3087488951,"remaining_time":1.645358036},
{"learn":[0.2990704491],"iteration":158,"passed_time":0.310405016,"remaining_time":1.641827789},
{"learn":[0.2984767317],"iteration":159,"passed_time":0.3119006179,"remaining_time":1.637478244},
{"learn":[0.2978402482],"iteration":160,"passed_time":0.313371064,"remaining_time":1.63303306},
{"learn":[0.297293942],"iteration":161,"passed_time":0.3149718314,"remaining_time":1.629298733},
{"learn":[0.2966126422],"iteration":162,"passed_time":0.3173843127,"remaining_time":1.62975871},
{"learn":[0.2960707995],"iteration":163,"passed_time":0.3191985776,"remaining_time":1.627134212},
{"learn":[0.2954671432],"iteration":164,"passed_time":0.3207785203,"remaining_time":1.623333724},
{"learn":[0.2948896966],"iteration":165,"passed_time":0.3224705846,"remaining_time":1.620123299},
{"learn":[0.2940567951],"iteration":166,"passed_time":0.32413287,"remaining_time":1.616782519},
{"learn":[0.2933976569],"iteration":167,"passed_time":0.3258520064,"remaining_time":1.61374327},
{"learn":[0.2926608754],"iteration":168,"passed_time":0.3283490775,"remaining_time":1.614544872},
{"learn":[0.2917658488],"iteration":169,"passed_time":0.3297455946,"remaining_time":1.609934374},
{"learn":[0.2910743246],"iteration":170,"passed_time":0.3310046684,"remaining_time":1.604695147},
{"learn":[0.290554384],"iteration":171,"passed_time":0.3323693234,"remaining_time":1.600010464},
{"learn":[0.2897197178],"iteration":172,"passed_time":0.3338639677,"remaining_time":1.595985557},
{"learn":[0.2891879958],"iteration":173,"passed_time":0.3352990952,"remaining_time":1.591707199},
{"learn":[0.2885424037],"iteration":174,"passed_time":0.3367491326,"remaining_time":1.587531625},
{"learn":[0.2878758177],"iteration":175,"passed_time":0.3381401099,"remaining_time":1.583110515},
{"learn":[0.2869862667],"iteration":176,"passed_time":0.3396751129,"remaining_time":1.579393321},
{"learn":[0.2866664549],"iteration":177,"passed_time":0.3411684247,"remaining_time":1.575508119},
{"learn":[0.2860169184],"iteration":178,"passed_time":0.342443699,"remaining_time":1.570649591},
{"learn":[0.2850228394],"iteration":179,"passed_time":0.3437595407,"remaining_time":1.566015686},
{"learn":[0.284344991],"iteration":180,"passed_time":0.3450296101,"remaining_time":1.56121133},
{"learn":[0.2836718397],"iteration":181,"passed_time":0.3465062617,"remaining_time":1.557374297},
{"learn":[0.2829385355],"iteration":182,"passed_time":0.3480509687,"remaining_time":1.553866893},
{"learn":[0.2822793974],"iteration":183,"passed_time":0.3493043358,"remaining_time":1.549088794},
{"learn":[0.2819277186],"iteration":184,"passed_time":0.3506990627,"remaining_time":1.544971546},
{"learn":[0.2812612365],"iteration":185,"passed_time":0.3519648417,"remaining_time":1.540319254},
{"learn":[0.2806845425],"iteration":186,"passed_time":0.3532214995,"remaining_time":1.535663525},
{"learn":[0.2801954827],"iteration":187,"passed_time":0.3546223898,"remaining_time":1.531666918},
{"learn":[0.2796449726],"iteration":188,"passed_time":0.3558413129,"remaining_time":1.526916956},
{"learn":[0.2788342327],"iteration":189,"passed_time":0.3572008459,"remaining_time":1.522803606},
{"learn":[0.278353996],"iteration":190,"passed_time":0.3584640421,"remaining_time":1.518311047},
{"learn":[0.2777296832],"iteration":191,"passed_time":0.3604785177,"remaining_time":1.517013762},
{"learn":[0.2774575681],"iteration":192,"passed_time":0.3620365114,"remaining_time":1.513800335},
{"learn":[0.2768305824],"iteration":193,"passed_time":0.3633902548,"remaining_time":1.509755389},
{"learn":[0.2764180501],"iteration":194,"passed_time":0.364801267,"remaining_time":1.505974461},
{"learn":[0.2759157038],"iteration":195,"passed_time":0.3663624674,"remaining_time":1.502833795},
{"learn":[0.2753961005],"iteration":196,"passed_time":0.3679028842,"remaining_time":1.499624447},
{"learn":[0.2750246217],"iteration":197,"passed_time":0.3699568019,"remaining_time":1.498511894},
{"learn":[0.2747276462],"iteration":198,"passed_time":0.37123974,"remaining_time":1.494286592},
{"learn":[0.2738441415],"iteration":199,"passed_time":0.37276962,"remaining_time":1.49107848},
{"learn":[0.2734111085],"iteration":200,"passed_time":0.3741331505,"remaining_time":1.487225807},
{"learn":[0.272871264],"iteration":201,"passed_time":0.3753654841,"remaining_time":1.482879487},
{"learn":[0.2721717471],"iteration":202,"passed_time":0.3766683731,"remaining_time":1.478840854},
{"learn":[0.2716479139],"iteration":203,"passed_time":0.3780710138,"remaining_time":1.475218269},
{"learn":[0.2712472669],"iteration":204,"passed_time":0.3793890626,"remaining_time":1.471289292},
{"learn":[0.270872155],"iteration":205,"passed_time":0.3809351441,"remaining_time":1.468264585},
{"learn":[0.2704355149],"iteration":206,"passed_time":0.3823468221,"remaining_time":1.464739275},
{"learn":[0.2699199339],"iteration":207,"passed_time":0.383644963,"remaining_time":1.460801975},
{"learn":[0.2691747704],"iteration":208,"passed_time":0.3850568079,"remaining_time":1.457320263},
{"learn":[0.2686115966],"iteration":209,"passed_time":0.3863599468,"remaining_time":1.453449324},
{"learn":[0.2679236535],"iteration":210,"passed_time":0.387645217,"remaining_time":1.449535906},
{"learn":[0.2676056842],"iteration":211,"passed_time":0.3892656853,"remaining_time":1.446893208},
{"learn":[0.2670677341],"iteration":212,"passed_time":0.3908525843,"remaining_time":1.444136074},
{"learn":[0.2666243728],"iteration":213,"passed_time":0.3922503519,"remaining_time":1.440695218},
{"learn":[0.2662510775],"iteration":214,"passed_time":0.3939811915,"remaining_time":1.438489467},
{"learn":[0.265777017],"iteration":215,"passed_time":0.395633439,"remaining_time":1.436002852},
{"learn":[0.2652561421],"iteration":216,"passed_time":0.3975287539,"remaining_time":1.434400988},
{"learn":[0.2647193597],"iteration":217,"passed_time":0.3990375175,"remaining_time":1.431409811},
{"learn":[0.2643926452],"iteration":218,"passed_time":0.4005112113,"remaining_time":1.428307105},
{"learn":[0.263909528],"iteration":219,"passed_time":0.4019345925,"remaining_time":1.425040828},
{"learn":[0.263564804],"iteration":220,"passed_time":0.4036073317,"remaining_time":1.422670187},
{"learn":[0.2631114],"iteration":221,"passed_time":0.4052663674,"remaining_time":1.42025781},
{"learn":[0.2624026707],"iteration":222,"passed_time":0.4070180326,"remaining_time":1.418174939},
{"learn":[0.2622124549],"iteration":223,"passed_time":0.4082921003,"remaining_time":1.41444049},
{"learn":[0.2617614123],"iteration":224,"passed_time":0.4096729997,"remaining_time":1.411095888},
{"learn":[0.2613291578],"iteration":225,"passed_time":0.4114985929,"remaining_time":1.409291641},
{"learn":[0.2607170676],"iteration":226,"passed_time":0.4129141443,"remaining_time":1.406090897},
{"learn":[0.2603049765],"iteration":227,"passed_time":0.4143177006,"remaining_time":1.402865197},
{"learn":[0.2599869034],"iteration":228,"passed_time":0.4156250458,"remaining_time":1.399331486},
{"learn":[0.2595871646],"iteration":229,"passed_time":0.4169774977,"remaining_time":1.395968145},
{"learn":[0.2589091087],"iteration":230,"passed_time":0.4183170799,"remaining_time":1.39257937},
{"learn":[0.2585324657],"iteration":231,"passed_time":0.4196843178,"remaining_time":1.389299811},
{"learn":[0.257961377],"iteration":232,"passed_time":0.4209260227,"remaining_time":1.385623431},
{"learn":[0.2572355206],"iteration":233,"passed_time":0.4221651036,"remaining_time":1.381959271},
{"learn":[0.2567981279],"iteration":234,"passed_time":0.4235074766,"remaining_time":1.378651998},
{"learn":[0.2564874766],"iteration":235,"passed_time":0.4249137817,"remaining_time":1.375568344},
{"learn":[0.2561103925],"iteration":236,"passed_time":0.4262237509,"remaining_time":1.3721887},
{"learn":[0.2558127942],"iteration":237,"passed_time":0.4274859054,"remaining_time":1.368673361},
{"learn":[0.2554948508],"iteration":238,"passed_time":0.4288792158,"remaining_time":1.365594491},
{"learn":[0.2547483379],"iteration":239,"passed_time":0.4301334995,"remaining_time":1.362089415},
{"learn":[0.2543282022],"iteration":240,"passed_time":0.4314258508,"remaining_time":1.358722908},
{"learn":[0.2539962457],"iteration":241,"passed_time":0.4329052513,"remaining_time":1.355959424},
{"learn":[0.2535420113],"iteration":242,"passed_time":0.4343524569,"remaining_time":1.353106213},
{"learn":[0.2530909947],"iteration":243,"passed_time":0.4356964123,"remaining_time":1.349944622},
{"learn":[0.2527862341],"iteration":244,"passed_time":0.4371261249,"remaining_time":1.34706214},
{"learn":[0.2523454679],"iteration":245,"passed_time":0.4386322646,"remaining_time":1.344425722},
{"learn":[0.2518407601],"iteration":246,"passed_time":0.4401677674,"remaining_time":1.341887971},
{"learn":[0.2514830609],"iteration":247,"passed_time":0.4416470009,"remaining_time":1.33918768},
{"learn":[0.2511204051],"iteration":248,"passed_time":0.4431724658,"remaining_time":1.336636634},
{"learn":[0.2506452807],"iteration":249,"passed_time":0.4452584115,"remaining_time":1.335775234},
{"learn":[0.250371401],"iteration":250,"passed_time":0.4466573446,"remaining_time":1.332853988},
{"learn":[0.2499654861],"iteration":251,"passed_time":0.4483283345,"remaining_time":1.330752358},
{"learn":[0.2495683943],"iteration":252,"passed_time":0.4498216043,"remaining_time":1.328129401},
{"learn":[0.249111461],"iteration":253,"passed_time":0.451446154,"remaining_time":1.325900909},
{"learn":[0.2487487274],"iteration":254,"passed_time":0.4528482109,"remaining_time":1.323027126},
{"learn":[0.2483415669],"iteration":255,"passed_time":0.454281588,"remaining_time":1.320255865},
{"learn":[0.2480376367],"iteration":256,"passed_time":0.4556132564,"remaining_time":1.317200971},
{"learn":[0.2476162813],"iteration":257,"passed_time":0.456961585,"remaining_time":1.314207349},
{"learn":[0.2472490583],"iteration":258,"passed_time":0.4582486465,"remaining_time":1.311051147},
{"learn":[0.2470109901],"iteration":259,"passed_time":0.4596495788,"remaining_time":1.308233417},
{"learn":[0.2464705487],"iteration":260,"passed_time":0.4609214794,"remaining_time":1.3050612},
{"learn":[0.2459523207],"iteration":261,"passed_time":0.4623548985,"remaining_time":1.302358455},
{"learn":[0.2454700081],"iteration":262,"passed_time":0.4635643254,"remaining_time":1.299037672},
{"learn":[0.2451901079],"iteration":263,"passed_time":0.4652710508,"remaining_time":1.297119293},
{"learn":[0.2447400774],"iteration":264,"passed_time":0.4664827258,"remaining_time":1.293829447},
{"learn":[0.2442903584],"iteration":265,"passed_time":0.467735801,"remaining_time":1.290669466},
{"learn":[0.2438974705],"iteration":266,"passed_time":0.4690900022,"remaining_time":1.287801392},
{"learn":[0.243565488],"iteration":267,"passed_time":0.4707893556,"remaining_time":1.285887344},
{"learn":[0.2430652696],"iteration":268,"passed_time":0.4721044887,"remaining_time":1.282930785},
{"learn":[0.2426344943],"iteration":269,"passed_time":0.4737689392,"remaining_time":1.280930836},
{"learn":[0.2423195871],"iteration":270,"passed_time":0.4752607937,"remaining_time":1.278469072},
{"learn":[0.2420200685],"iteration":271,"passed_time":0.4766426927,"remaining_time":1.275720148},
{"learn":[0.2418113241],"iteration":272,"passed_time":0.4781532885,"remaining_time":1.273323959},
{"learn":[0.2414218617],"iteration":273,"passed_time":0.4796089487,"remaining_time":1.270788674},
{"learn":[0.2410009994],"iteration":274,"passed_time":0.4810435343,"remaining_time":1.268205681},
{"learn":[0.2406728316],"iteration":275,"passed_time":0.4823725788,"remaining_time":1.265354156},
{"learn":[0.240127823],"iteration":276,"passed_time":0.4841939237,"remaining_time":1.263798581},
{"learn":[0.2396481572],"iteration":277,"passed_time":0.4856387972,"remaining_time":1.261263351},
{"learn":[0.2394067154],"iteration":278,"passed_time":0.4872122016,"remaining_time":1.259068091},
{"learn":[0.239098737],"iteration":279,"passed_time":0.4885812718,"remaining_time":1.256351842},
{"learn":[0.238783233],"iteration":280,"passed_time":0.4899550071,"remaining_time":1.253657118},
{"learn":[0.238410794],"iteration":281,"passed_time":0.4914736837,"remaining_time":1.251340798},
{"learn":[0.2380303363],"iteration":282,"passed_time":0.4927867766,"remaining_time":1.248509254},
{"learn":[0.2377281448],"iteration":283,"passed_time":0.4942382295,"remaining_time":1.246037226},
{"learn":[0.2373949427],"iteration":284,"passed_time":0.4961314203,"remaining_time":1.244680581},
{"learn":[0.2371268759],"iteration":285,"passed_time":0.4974131919,"remaining_time":1.241793773},
{"learn":[0.2368255408],"iteration":286,"passed_time":0.498816915,"remaining_time":1.239221116},
{"learn":[0.2365824382],"iteration":287,"passed_time":0.500046042,"remaining_time":1.236224937},
{"learn":[0.2360165914],"iteration":288,"passed_time":0.5014653418,"remaining_time":1.233708851},
{"learn":[0.2355150236],"iteration":289,"passed_time":0.5026935941,"remaining_time":1.230732592},
{"learn":[0.2352606585],"iteration":290,"passed_time":0.5040126846,"remaining_time":1.227989668},
{"learn":[0.2349341256],"iteration":291,"passed_time":0.506049984,"remaining_time":1.226997906},
{"learn":[0.2345800594],"iteration":292,"passed_time":0.50795742,"remaining_time":1.225685652},
{"learn":[0.2340956707],"iteration":293,"passed_time":0.5091882543,"remaining_time":1.222744583},
{"learn":[0.2338230886],"iteration":294,"passed_time":0.5103853102,"remaining_time":1.219734385},
{"learn":[0.2335816468],"iteration":295,"passed_time":0.5117512977,"remaining_time":1.217138221},
{"learn":[0.2331573071],"iteration":296,"passed_time":0.513149564,"remaining_time":1.214626746},
{"learn":[0.2327238848],"iteration":297,"passed_time":0.5143698615,"remaining_time":1.211703499},
{"learn":[0.2322900474],"iteration":298,"passed_time":0.5156341822,"remaining_time":1.208894855},
{"learn":[0.2320927471],"iteration":299,"passed_time":0.5172967585,"remaining_time":1.20702577},
{"learn":[0.2317044005],"iteration":300,"passed_time":0.5189935299,"remaining_time":1.205237466},
{"learn":[0.2314519558],"iteration":301,"passed_time":0.5203397344,"remaining_time":1.202639519},
{"learn":[0.2309933098],"iteration":302,"passed_time":0.5218180943,"remaining_time":1.200353834},
{"learn":[0.2307119045],"iteration":303,"passed_time":0.5232934554,"remaining_time":1.198066595},
{"learn":[0.2304367533],"iteration":304,"passed_time":0.5246626916,"remaining_time":1.195542855},
{"learn":[0.2301585918],"iteration":305,"passed_time":0.5260851572,"remaining_time":1.193147383},
{"learn":[0.2299047457],"iteration":306,"passed_time":0.5275797175,"remaining_time":1.190920991},
{"learn":[0.2293797707],"iteration":307,"passed_time":0.5290639911,"remaining_time":1.18867624},
{"learn":[0.2289936818],"iteration":308,"passed_time":0.5304345197,"remaining_time":1.186182049},
{"learn":[0.2285809679],"iteration":309,"passed_time":0.5319720216,"remaining_time":1.184066758},
{"learn":[0.2283162487],"iteration":310,"passed_time":0.5334654165,"remaining_time":1.181857466},
{"learn":[0.2280175605],"iteration":311,"passed_time":0.5347380258,"remaining_time":1.179165903},
{"learn":[0.2278016279],"iteration":312,"passed_time":0.5362565354,"remaining_time":1.17702313},
{"learn":[0.2274758994],"iteration":313,"passed_time":0.5376299369,"remaining_time":1.174567314},
{"learn":[0.2269930677],"iteration":314,"passed_time":0.5389109178,"remaining_time":1.171917393},
{"learn":[0.2267691165],"iteration":315,"passed_time":0.5403620378,"remaining_time":1.169644411},
{"learn":[0.2263537816],"iteration":316,"passed_time":0.5422309054,"remaining_time":1.168276683},
{"learn":[0.2259347358],"iteration":317,"passed_time":0.5439556645,"remaining_time":1.16659674},
{"learn":[0.2256423535],"iteration":318,"passed_time":0.5452616773,"remaining_time":1.164022578},
{"learn":[0.2254778544],"iteration":319,"passed_time":0.5467198784,"remaining_time":1.161779742},
{"learn":[0.2250787644],"iteration":320,"passed_time":0.5487438912,"remaining_time":1.160738636},
{"learn":[0.2247907677],"iteration":321,"passed_time":0.5509735287,"remaining_time":1.160124386},
{"learn":[0.2244713712],"iteration":322,"passed_time":0.5526094907,"remaining_time":1.158255806},
{"learn":[0.2241896804],"iteration":323,"passed_time":0.5541389959,"remaining_time":1.156166547},
{"learn":[0.2238308654],"iteration":324,"passed_time":0.555715857,"remaining_time":1.154179088},
{"learn":[0.2235260269],"iteration":325,"passed_time":0.5571959652,"remaining_time":1.151994112},
{"learn":[0.2231281306],"iteration":326,"passed_time":0.5590711633,"remaining_time":1.150626584},
{"learn":[0.2229197755],"iteration":327,"passed_time":0.5605017506,"remaining_time":1.14834505},
{"learn":[0.2226065551],"iteration":328,"passed_time":0.5618791094,"remaining_time":1.145960129},
{"learn":[0.2222407335],"iteration":329,"passed_time":0.5633241079,"remaining_time":1.143718643},
{"learn":[0.2218975145],"iteration":330,"passed_time":0.5647782686,"remaining_time":1.141500489},
{"learn":[0.2216241538],"iteration":331,"passed_time":0.566381327,"remaining_time":1.139586525},
{"learn":[0.2212234808],"iteration":332,"passed_time":0.5685466575,"remaining_time":1.138800662},
{"learn":[0.2209860873],"iteration":333,"passed_time":0.5702817464,"remaining_time":1.137148632},
{"learn":[0.2206419082],"iteration":334,"passed_time":0.5717529832,"remaining_time":1.13497234},
{"learn":[0.2203402876],"iteration":335,"passed_time":0.5730672417,"remaining_time":1.132490025},
{"learn":[0.2200520833],"iteration":336,"passed_time":0.5746181552,"remaining_time":1.130480228},
{"learn":[0.2198253035],"iteration":337,"passed_time":0.5760397461,"remaining_time":1.128219858},
{"learn":[0.219633297],"iteration":338,"passed_time":0.5773909896,"remaining_time":1.125827269},
{"learn":[0.2194738583],"iteration":339,"passed_time":0.5787004179,"remaining_time":1.123359635},
{"learn":[0.2191919859],"iteration":340,"passed_time":0.580190856,"remaining_time":1.121248604},
{"learn":[0.218851362],"iteration":341,"passed_time":0.5814333525,"remaining_time":1.118664169},
{"learn":[0.2186435258],"iteration":342,"passed_time":0.5826543157,"remaining_time":1.116046313},
{"learn":[0.2183204703],"iteration":343,"passed_time":0.5839586622,"remaining_time":1.113595588},
{"learn":[0.2181051864],"iteration":344,"passed_time":0.5854386454,"remaining_time":1.111484965},
{"learn":[0.2177234053],"iteration":345,"passed_time":0.5873642821,"remaining_time":1.110220348},
{"learn":[0.2174185798],"iteration":346,"passed_time":0.5887667968,"remaining_time":1.107967488},
{"learn":[0.2172517322],"iteration":347,"passed_time":0.5910888978,"remaining_time":1.107442418},
{"learn":[0.2170453753],"iteration":348,"passed_time":0.5924438487,"remaining_time":1.105102996},
{"learn":[0.2169123539],"iteration":349,"passed_time":0.5937985088,"remaining_time":1.102768659},
{"learn":[0.2165191028],"iteration":350,"passed_time":0.5951487536,"remaining_time":1.100431741},
{"learn":[0.2162325593],"iteration":351,"passed_time":0.5966341517,"remaining_time":1.098349234},
{"learn":[0.2159286551],"iteration":352,"passed_time":0.5979444117,"remaining_time":1.095949106},
{"learn":[0.2156253477],"iteration":353,"passed_time":0.5993061929,"remaining_time":1.093649154},
{"learn":[0.2151692579],"iteration":354,"passed_time":0.6006590607,"remaining_time":1.091338293},
{"learn":[0.215004642],"iteration":355,"passed_time":0.6022535815,"remaining_time":1.089469962},
{"learn":[0.2146240546],"iteration":356,"passed_time":0.6035443085,"remaining_time":1.087055995},
{"learn":[0.2144345394],"iteration":357,"passed_time":0.6049124631,"remaining_time":1.084787154},
{"learn":[0.2140713906],"iteration":358,"passed_time":0.606316811,"remaining_time":1.082587955},
{"learn":[0.2139264061],"iteration":359,"passed_time":0.6084264141,"remaining_time":1.081646958},
{"learn":[0.2136388376],"iteration":360,"passed_time":0.6100351792,"remaining_time":1.079812963},
{"learn":[0.2134371647],"iteration":361,"passed_time":0.6113691386,"remaining_time":1.077495885},
{"learn":[0.2131105929],"iteration":362,"passed_time":0.6127519533,"remaining_time":1.075269957},
{"learn":[0.2128780521],"iteration":363,"passed_time":0.6139863281,"remaining_time":1.072789299},
{"learn":[0.212648236],"iteration":364,"passed_time":0.6154367823,"remaining_time":1.070691388},
{"learn":[0.2123875521],"iteration":365,"passed_time":0.616654039,"remaining_time":1.068193062},
{"learn":[0.2121463438],"iteration":366,"passed_time":0.6181186545,"remaining_time":1.066128361},
{"learn":[0.2118984015],"iteration":367,"passed_time":0.6194447842,"remaining_time":1.063829086},
{"learn":[0.2117244695],"iteration":368,"passed_time":0.6208476737,"remaining_time":1.061666347},
{"learn":[0.2113728426],"iteration":369,"passed_time":0.6222752202,"remaining_time":1.059549699},
{"learn":[0.2110023888],"iteration":370,"passed_time":0.6236407079,"remaining_time":1.057331551},
{"learn":[0.2107409523],"iteration":371,"passed_time":0.6250262304,"remaining_time":1.055151808},
{"learn":[0.2104012366],"iteration":372,"passed_time":0.6263975907,"remaining_time":1.052952518},
{"learn":[0.2100271108],"iteration":373,"passed_time":0.6275604525,"remaining_time":1.050408672},
{"learn":[0.2096525309],"iteration":374,"passed_time":0.6295137859,"remaining_time":1.049189643},
{"learn":[0.2093659096],"iteration":375,"passed_time":0.6315429226,"remaining_time":1.04809251},
{"learn":[0.2091086381],"iteration":376,"passed_time":0.6327321907,"remaining_time":1.045602533},
{"learn":[0.2088409995],"iteration":377,"passed_time":0.6339937215,"remaining_time":1.043238346},
{"learn":[0.2086441403],"iteration":378,"passed_time":0.6352518777,"remaining_time":1.040874449},
{"learn":[0.2084338519],"iteration":379,"passed_time":0.636623114,"remaining_time":1.03870087},
{"learn":[0.2081147278],"iteration":380,"passed_time":0.6378851856,"remaining_time":1.036354147},
{"learn":[0.2079052309],"iteration":381,"passed_time":0.6391801188,"remaining_time":1.034066266},
{"learn":[0.2075790353],"iteration":382,"passed_time":0.6403668469,"remaining_time":1.031609255},
{"learn":[0.2073565762],"iteration":383,"passed_time":0.6417701113,"remaining_time":1.02950622},
{"learn":[0.2070424216],"iteration":384,"passed_time":0.6431765414,"remaining_time":1.027411878},
{"learn":[0.2067616651],"iteration":385,"passed_time":0.6445785142,"remaining_time":1.02531401},
{"learn":[0.2064259717],"iteration":386,"passed_time":0.6458897749,"remaining_time":1.023076052},
{"learn":[0.2061357563],"iteration":387,"passed_time":0.6472917478,"remaining_time":1.020985953},
{"learn":[0.2060097934],"iteration":388,"passed_time":0.648586682,"remaining_time":1.018731267},
{"learn":[0.2058524307],"iteration":389,"passed_time":0.6498458388,"remaining_time":1.016425543},
{"learn":[0.2056604632],"iteration":390,"passed_time":0.6510412294,"remaining_time":1.014025853},
{"learn":[0.2053210979],"iteration":391,"passed_time":0.6524148817,"remaining_time":1.011908796},
{"learn":[0.2049584681],"iteration":392,"passed_time":0.6544814193,"remaining_time":1.010865704},
{"learn":[0.204621036],"iteration":393,"passed_time":0.6560399128,"remaining_time":1.009036008},
{"learn":[0.2043168983],"iteration":394,"passed_time":0.6575819959,"remaining_time":1.007182551},
{"learn":[0.2041741715],"iteration":395,"passed_time":0.6588899658,"remaining_time":1.004973584},
{"learn":[0.2039783763],"iteration":396,"passed_time":0.6602144291,"remaining_time":1.002794208},
{"learn":[0.2037209362],"iteration":397,"passed_time":0.6615520121,"remaining_time":1.000638973},
{"learn":[0.2035016949],"iteration":398,"passed_time":0.6628486946,"remaining_time":0.9984262293},
{"learn":[0.2032238188],"iteration":399,"passed_time":0.6641462109,"remaining_time":0.9962193163},
{"learn":[0.2028203951],"iteration":400,"passed_time":0.665480795,"remaining_time":0.9940723098},
{"learn":[0.2025122091],"iteration":401,"passed_time":0.6668029673,"remaining_time":0.9919108816},
{"learn":[0.2022742966],"iteration":402,"passed_time":0.6681028985,"remaining_time":0.989720671},
{"learn":[0.2020838212],"iteration":403,"passed_time":0.6695105781,"remaining_time":0.9876938231},
{"learn":[0.2017586896],"iteration":404,"passed_time":0.6715979412,"remaining_time":0.9866685803},
{"learn":[0.2014274338],"iteration":405,"passed_time":0.6729867114,"remaining_time":0.9846160261},
{"learn":[0.2011827612],"iteration":406,"passed_time":0.6744612389,"remaining_time":0.9826916822},
{"learn":[0.2007642214],"iteration":407,"passed_time":0.6757426367,"remaining_time":0.9804893159},
{"learn":[0.200429086],"iteration":408,"passed_time":0.6770394022,"remaining_time":0.9783136594},
{"learn":[0.2002220154],"iteration":409,"passed_time":0.6782816488,"remaining_time":0.976063836},
{"learn":[0.1999717505],"iteration":410,"passed_time":0.6795293931,"remaining_time":0.9738267946},
{"learn":[0.199637705],"iteration":411,"passed_time":0.680807958,"remaining_time":0.9716385421},
{"learn":[0.1992917742],"iteration":412,"passed_time":0.6820374178,"remaining_time":0.9693849014},
{"learn":[0.198948672],"iteration":413,"passed_time":0.6832935758,"remaining_time":0.9671739986},
{"learn":[0.1986967204],"iteration":414,"passed_time":0.6847230385,"remaining_time":0.9652119941},
{"learn":[0.1983350118],"iteration":415,"passed_time":0.6860121831,"remaining_time":0.9630555648},
{"learn":[0.1980868229],"iteration":416,"passed_time":0.6874297337,"remaining_time":0.9610828171},
{"learn":[0.197796361],"iteration":417,"passed_time":0.6887075909,"remaining_time":0.9589182246},
{"learn":[0.1975310189],"iteration":418,"passed_time":0.6900709964,"remaining_time":0.956876489},
{"learn":[0.1973329012],"iteration":419,"passed_time":0.6914734281,"remaining_time":0.9548918769},
{"learn":[0.1969329419],"iteration":420,"passed_time":0.6929204667,"remaining_time":0.9529713782},
{"learn":[0.1967292448],"iteration":421,"passed_time":0.694629857,"remaining_time":0.9514124582},
{"learn":[0.1966281554],"iteration":422,"passed_time":0.6960188771,"remaining_time":0.9494158206},
{"learn":[0.1962747639],"iteration":423,"passed_time":0.6973036475,"remaining_time":0.9472804268},
{"learn":[0.1960840031],"iteration":424,"passed_time":0.6986180309,"remaining_time":0.9451891006},
{"learn":[0.1958209446],"iteration":425,"passed_time":0.6998680663,"remaining_time":0.9430147185},
{"learn":[0.1956782049],"iteration":426,"passed_time":0.7010609579,"remaining_time":0.9407679834},
{"learn":[0.195518818],"iteration":427,"passed_time":0.7023751754,"remaining_time":0.9386883185},
{"learn":[0.1953766492],"iteration":428,"passed_time":0.7038108846,"remaining_time":0.936773928},
{"learn":[0.19519235],"iteration":429,"passed_time":0.7053668791,"remaining_time":0.9350212118},
{"learn":[0.1950039507],"iteration":430,"passed_time":0.7067201637,"remaining_time":0.9330017938},
{"learn":[0.1947384789],"iteration":431,"passed_time":0.7081352572,"remaining_time":0.9310667271},
{"learn":[0.1946202752],"iteration":432,"passed_time":0.7096211551,"remaining_time":0.9292267782},
{"learn":[0.1943514558],"iteration":433,"passed_time":0.7109873935,"remaining_time":0.9272324071},
{"learn":[0.1940559854],"iteration":434,"passed_time":0.7124875356,"remaining_time":0.925414845},
{"learn":[0.193868144],"iteration":435,"passed_time":0.7138107903,"remaining_time":0.9233699214},
{"learn":[0.1937640703],"iteration":436,"passed_time":0.7152945231,"remaining_time":0.9215350492},
{"learn":[0.1936558704],"iteration":437,"passed_time":0.7165785448,"remaining_time":0.91944553},
{"learn":[0.1933840148],"iteration":438,"passed_time":0.7179769361,"remaining_time":0.9175058341},
{"learn":[0.1932096027],"iteration":439,"passed_time":0.7193536282,"remaining_time":0.9155409814},
{"learn":[0.1929042323],"iteration":440,"passed_time":0.720617699,"remaining_time":0.9134360402},
{"learn":[0.192763893],"iteration":441,"passed_time":0.7223828177,"remaining_time":0.9119674486},
{"learn":[0.1925873789],"iteration":442,"passed_time":0.7236326862,"remaining_time":0.9098496755},
{"learn":[0.1923601708],"iteration":443,"passed_time":0.7250233317,"remaining_time":0.9079121001},
{"learn":[0.1922460284],"iteration":444,"passed_time":0.7265166426,"remaining_time":0.9061050261},
{"learn":[0.1919363242],"iteration":445,"passed_time":0.7279800905,"remaining_time":0.9042622649},
{"learn":[0.1916591359],"iteration":446,"passed_time":0.7293033043,"remaining_time":0.9022477121},
{"learn":[0.1913036165],"iteration":447,"passed_time":0.7306782472,"remaining_time":0.9002999831},
{"learn":[0.1910257534],"iteration":448,"passed_time":0.7319514812,"remaining_time":0.8982299914},
{"learn":[0.1908930305],"iteration":449,"passed_time":0.7334719071,"remaining_time":0.8964656642},
{"learn":[0.1907327094],"iteration":450,"passed_time":0.7351291525,"remaining_time":0.8948689684},
{"learn":[0.1905049694],"iteration":451,"passed_time":0.7364784388,"remaining_time":0.8928986381},
{"learn":[0.1903013891],"iteration":452,"passed_time":0.7378388455,"remaining_time":0.8909444779},
{"learn":[0.1900828355],"iteration":453,"passed_time":0.7392818018,"remaining_time":0.8890922109},
{"learn":[0.189832895],"iteration":454,"passed_time":0.7407677826,"remaining_time":0.887293278},
{"learn":[0.1896293796],"iteration":455,"passed_time":0.7425155743,"remaining_time":0.8858080536},
{"learn":[0.1892418505],"iteration":456,"passed_time":0.7437455349,"remaining_time":0.8837064014},
{"learn":[0.1889806345],"iteration":457,"passed_time":0.7449193093,"remaining_time":0.8815420647},
{"learn":[0.1887994234],"iteration":458,"passed_time":0.74632653,"remaining_time":0.8796571955},
{"learn":[0.1884936378],"iteration":459,"passed_time":0.7475927249,"remaining_time":0.877608851},
{"learn":[0.1883866965],"iteration":460,"passed_time":0.7490299345,"remaining_time":0.8757638497},
{"learn":[0.1879896047],"iteration":461,"passed_time":0.7503387791,"remaining_time":0.8737711324},
{"learn":[0.1877531973],"iteration":462,"passed_time":0.7516863581,"remaining_time":0.8718262943},
{"learn":[0.18758356],"iteration":463,"passed_time":0.7531640923,"remaining_time":0.8700343824},
{"learn":[0.1874333596],"iteration":464,"passed_time":0.7543297869,"remaining_time":0.8678848086},
{"learn":[0.1871830687],"iteration":465,"passed_time":0.7557406322,"remaining_time":0.8660203811},
{"learn":[0.186981811],"iteration":466,"passed_time":0.7571516434,"remaining_time":0.8641580855},
{"learn":[0.186797395],"iteration":467,"passed_time":0.758349325,"remaining_time":0.8620552156},
{"learn":[0.1865694215],"iteration":468,"passed_time":0.759790574,"remaining_time":0.8602319719},
{"learn":[0.1863123835],"iteration":469,"passed_time":0.7611980457,"remaining_time":0.8583722643},
{"learn":[0.1860972035],"iteration":470,"passed_time":0.7623505786,"remaining_time":0.8562281446},
{"learn":[0.1857931436],"iteration":471,"passed_time":0.7637556762,"remaining_time":0.8543707565},
{"learn":[0.1855760172],"iteration":472,"passed_time":0.7650379066,"remaining_time":0.8523783865},
{"learn":[0.1852977389],"iteration":473,"passed_time":0.7662951052,"remaining_time":0.8503612349},
{"learn":[0.1850993228],"iteration":474,"passed_time":0.7675126118,"remaining_time":0.8483034131},
{"learn":[0.1849146733],"iteration":475,"passed_time":0.7689541117,"remaining_time":0.8464957028},
{"learn":[0.1846658356],"iteration":476,"passed_time":0.7702600825,"remaining_time":0.844540929},
{"learn":[0.1844821333],"iteration":477,"passed_time":0.7716045377,"remaining_time":0.8426308968},
{"learn":[0.1843387318],"iteration":478,"passed_time":0.7729975152,"remaining_time":0.8407760029},
{"learn":[0.1839780613],"iteration":479,"passed_time":0.7744773325,"remaining_time":0.8390171102},
{"learn":[0.1837297297],"iteration":480,"passed_time":0.7758015879,"remaining_time":0.8370915262},
{"learn":[0.1835011203],"iteration":481,"passed_time":0.7771195958,"remaining_time":0.8351617233},
{"learn":[0.1831644149],"iteration":482,"passed_time":0.7783542205,"remaining_time":0.8331452008},
{"learn":[0.1828086749],"iteration":483,"passed_time":0.7796240389,"remaining_time":0.8311694299},
{"learn":[0.1826235194],"iteration":484,"passed_time":0.7810493363,"remaining_time":0.8293616664},
{"learn":[0.1824083653],"iteration":485,"passed_time":0.782627072,"remaining_time":0.8277166976},
{"learn":[0.1822518329],"iteration":486,"passed_time":0.7839959343,"remaining_time":0.8258519801},
{"learn":[0.1820341876],"iteration":487,"passed_time":0.7853109014,"remaining_time":0.8239327491},
{"learn":[0.1819210182],"iteration":488,"passed_time":0.7865745984,"remaining_time":0.8219624126},
{"learn":[0.1817120403],"iteration":489,"passed_time":0.7878824434,"remaining_time":0.8200409105},
{"learn":[0.1813761393],"iteration":490,"passed_time":0.7890896622,"remaining_time":0.8180175928},
{"learn":[0.1811224749],"iteration":491,"passed_time":0.7906455727,"remaining_time":0.8163576238},
{"learn":[0.1808360872],"iteration":492,"passed_time":0.7920156425,"remaining_time":0.8145069589},
{"learn":[0.1805461313],"iteration":493,"passed_time":0.793433401,"remaining_time":0.8127070868},
{"learn":[0.1803019647],"iteration":494,"passed_time":0.7949034723,"remaining_time":0.8109621283},
{"learn":[0.1797892253],"iteration":495,"passed_time":0.7963438476,"remaining_time":0.8091881032},
{"learn":[0.1793694399],"iteration":496,"passed_time":0.7978102114,"remaining_time":0.807441723},
{"learn":[0.1790959365],"iteration":497,"passed_time":0.7991826972,"remaining_time":0.8056018353},
{"learn":[0.1789172036],"iteration":498,"passed_time":0.8005384388,"remaining_time":0.8037470097},
{"learn":[0.1787265077],"iteration":499,"passed_time":0.8020906018,"remaining_time":0.8020906018},
{"learn":[0.1784300512],"iteration":500,"passed_time":0.8034944489,"remaining_time":0.8002868863},
{"learn":[0.178078619],"iteration":501,"passed_time":0.8055268753,"remaining_time":0.7991083345},
{"learn":[0.1778985886],"iteration":502,"passed_time":0.8068394684,"remaining_time":0.7972151408},
{"learn":[0.1777231904],"iteration":503,"passed_time":0.8085413208,"remaining_time":0.7957073316},
{"learn":[0.1774942696],"iteration":504,"passed_time":0.80987578,"remaining_time":0.7938386359},
{"learn":[0.1772984096],"iteration":505,"passed_time":0.8112575531,"remaining_time":0.7920182435},
{"learn":[0.1770863436],"iteration":506,"passed_time":0.8128212115,"remaining_time":0.7903764443},
{"learn":[0.1766228708],"iteration":507,"passed_time":0.8140889477,"remaining_time":0.788448351},
{"learn":[0.1763171631],"iteration":508,"passed_time":0.8159754333,"remaining_time":0.7871197205},
{"learn":[0.1761141148],"iteration":509,"passed_time":0.8172340483,"remaining_time":0.7851856542},
{"learn":[0.1759935496],"iteration":510,"passed_time":0.8187568482,"remaining_time":0.7835070426},
{"learn":[0.1759319695],"iteration":511,"passed_time":0.8202359578,"remaining_time":0.7817873973},
{"learn":[0.1756105747],"iteration":512,"passed_time":0.8217261449,"remaining_time":0.7800792058},
{"learn":[0.1753294938],"iteration":513,"passed_time":0.8231070444,"remaining_time":0.7782685283},
{"learn":[0.175091218],"iteration":514,"passed_time":0.8244852779,"remaining_time":0.7764570092},
{"learn":[0.1747695378],"iteration":515,"passed_time":0.8259730919,"remaining_time":0.7747499545},
{"learn":[0.1745744822],"iteration":516,"passed_time":0.8274248367,"remaining_time":0.7730100505},
{"learn":[0.1743495318],"iteration":517,"passed_time":0.8288211458,"remaining_time":0.7712196762},
{"learn":[0.1741757555],"iteration":518,"passed_time":0.8300805105,"remaining_time":0.7693039028},
{"learn":[0.1739733689],"iteration":519,"passed_time":0.8313322533,"remaining_time":0.7673836184},
{"learn":[0.1737831271],"iteration":520,"passed_time":0.8325461364,"remaining_time":0.7654310927},
{"learn":[0.1735697506],"iteration":521,"passed_time":0.8342265804,"remaining_time":0.7639086311},
{"learn":[0.1734510928],"iteration":522,"passed_time":0.8355198063,"remaining_time":0.7620324046},
{"learn":[0.1731606308],"iteration":523,"passed_time":0.8367904165,"remaining_time":0.7601378592},
{"learn":[0.1730509129],"iteration":524,"passed_time":0.8381157544,"remaining_time":0.7582952064},
{"learn":[0.1728837409],"iteration":525,"passed_time":0.8395302232,"remaining_time":0.7565348399},
{"learn":[0.1727069154],"iteration":526,"passed_time":0.8409675987,"remaining_time":0.7547963457},
{"learn":[0.1725597771],"iteration":527,"passed_time":0.842274778,"remaining_time":0.7529426046},
{"learn":[0.1722938771],"iteration":528,"passed_time":0.84369387,"remaining_time":0.7511905723},
{"learn":[0.1719854705],"iteration":529,"passed_time":0.8451309956,"remaining_time":0.7494557886},
{"learn":[0.1717789449],"iteration":530,"passed_time":0.8464141007,"remaining_time":0.7475860889},
{"learn":[0.1715491418],"iteration":531,"passed_time":0.8477470605,"remaining_time":0.7457624517},
{"learn":[0.1713773766],"iteration":532,"passed_time":0.8490251256,"remaining_time":0.7438925585},
{"learn":[0.1711434734],"iteration":533,"passed_time":0.8504935715,"remaining_time":0.7421910194},
{"learn":[0.1710341317],"iteration":534,"passed_time":0.851834986,"remaining_time":0.7403799411},
{"learn":[0.1706612775],"iteration":535,"passed_time":0.8531817742,"remaining_time":0.7385752672},
{"learn":[0.1703893181],"iteration":536,"passed_time":0.8545014065,"remaining_time":0.7367488849},
{"learn":[0.1701813523],"iteration":537,"passed_time":0.8558016706,"remaining_time":0.7349077543},
{"learn":[0.1699318529],"iteration":538,"passed_time":0.8570557044,"remaining_time":0.7330290904},
{"learn":[0.1698063182],"iteration":539,"passed_time":0.8592524802,"remaining_time":0.7319558165},
{"learn":[0.1695362013],"iteration":540,"passed_time":0.860829799,"remaining_time":0.7303528239},
{"learn":[0.1692936177],"iteration":541,"passed_time":0.8621048243,"remaining_time":0.7284944826},
{"learn":[0.1690906603],"iteration":542,"passed_time":0.8633886791,"remaining_time":0.7266457207},
{"learn":[0.1689040385],"iteration":543,"passed_time":0.8647083113,"remaining_time":0.7248290257},
{"learn":[0.168723593],"iteration":544,"passed_time":0.8660075768,"remaining_time":0.7229971513},
{"learn":[0.1683163546],"iteration":545,"passed_time":0.8674909337,"remaining_time":0.7213203002},
{"learn":[0.1680964386],"iteration":546,"passed_time":0.868961005,"remaining_time":0.7196331541},
{"learn":[0.1679698399],"iteration":547,"passed_time":0.8702360723,"remaining_time":0.7177859575},
{"learn":[0.167772851],"iteration":548,"passed_time":0.8716778211,"remaining_time":0.7160777729},
{"learn":[0.1676243373],"iteration":549,"passed_time":0.8729888318,"remaining_time":0.7142635897},
{"learn":[0.1673731642],"iteration":550,"passed_time":0.8743765195,"remaining_time":0.7125137155},
{"learn":[0.1671035663],"iteration":551,"passed_time":0.8758906979,"remaining_time":0.7108678128},
{"learn":[0.1668096919],"iteration":552,"passed_time":0.8773130375,"remaining_time":0.7091481515},
{"learn":[0.1667060593],"iteration":553,"passed_time":0.8789981877,"remaining_time":0.7076411402},
{"learn":[0.1665784615],"iteration":554,"passed_time":0.8804664257,"remaining_time":0.7059595665},
{"learn":[0.1664799541],"iteration":555,"passed_time":0.8817950123,"remaining_time":0.70416724},
{"learn":[0.1661385517],"iteration":556,"passed_time":0.8830202658,"remaining_time":0.7022943945},
{"learn":[0.1658344918],"iteration":557,"passed_time":0.8844098277,"remaining_time":0.7005540212},
{"learn":[0.165524593],"iteration":558,"passed_time":0.8857870196,"remaining_time":0.6988051443},
{"learn":[0.1653046511],"iteration":559,"passed_time":0.8871378062,"remaining_time":0.6970368478},
{"learn":[0.1652100232],"iteration":560,"passed_time":0.8887988831,"remaining_time":0.6955128515},
{"learn":[0.1651111006],"iteration":561,"passed_time":0.8903773685,"remaining_time":0.6939239989},
{"learn":[0.1647601225],"iteration":562,"passed_time":0.8917438557,"remaining_time":0.6921706305},
{"learn":[0.1645198485],"iteration":563,"passed_time":0.8931930605,"remaining_time":0.6904825787},
{"learn":[0.1642130638],"iteration":564,"passed_time":0.8944683767,"remaining_time":0.6886614936},
{"learn":[0.1638910981],"iteration":565,"passed_time":0.8957995033,"remaining_time":0.6868851315},
{"learn":[0.1637864405],"iteration":566,"passed_time":0.8971651999,"remaining_time":0.6851367399},
{"learn":[0.1635111724],"iteration":567,"passed_time":0.8983828314,"remaining_time":0.6832770831},
{"learn":[0.1634083183],"iteration":568,"passed_time":0.8996799308,"remaining_time":0.6814798773},
{"learn":[0.1632543032],"iteration":569,"passed_time":0.9010345069,"remaining_time":0.6797277859},
{"learn":[0.1629402005],"iteration":570,"passed_time":0.9029975864,"remaining_time":0.6784342637},
{"learn":[0.1627919333],"iteration":571,"passed_time":0.9042091375,"remaining_time":0.6765760679},
{"learn":[0.1627038839],"iteration":572,"passed_time":0.9055662125,"remaining_time":0.6748285737},
{"learn":[0.1624245287],"iteration":573,"passed_time":0.9073193771,"remaining_time":0.6733764018},
{"learn":[0.1623098542],"iteration":574,"passed_time":0.9085799503,"remaining_time":0.6715590937},
{"learn":[0.1621000718],"iteration":575,"passed_time":0.9100058305,"remaining_time":0.669865403},
{"learn":[0.1620094014],"iteration":576,"passed_time":0.91137161,"remaining_time":0.6681285807},
{"learn":[0.1619220526],"iteration":577,"passed_time":0.9126576719,"remaining_time":0.66633484},
{"learn":[0.1618297733],"iteration":578,"passed_time":0.9139062069,"remaining_time":0.6645155667},
{"learn":[0.1616704123],"iteration":579,"passed_time":0.9151189655,"remaining_time":0.6626723543},
{"learn":[0.1613345762],"iteration":580,"passed_time":0.9164964903,"remaining_time":0.6609501367},
{"learn":[0.1611912656],"iteration":581,"passed_time":0.9176902565,"remaining_time":0.6590971258},
{"learn":[0.1609424409],"iteration":582,"passed_time":0.9189188417,"remaining_time":0.6572712813},
{"learn":[0.1607495003],"iteration":583,"passed_time":0.9203318101,"remaining_time":0.6555788236},
{"learn":[0.1604586102],"iteration":584,"passed_time":0.9214897159,"remaining_time":0.6537063796},
{"learn":[0.1601366316],"iteration":585,"passed_time":0.9229574541,"remaining_time":0.6520552662},
{"learn":[0.1597825913],"iteration":586,"passed_time":0.9243194862,"remaining_time":0.6503304051},
{"learn":[0.1596258773],"iteration":587,"passed_time":0.9256483227,"remaining_time":0.6485835186},
{"learn":[0.159405092],"iteration":588,"passed_time":0.9269768263,"remaining_time":0.6468378194},
{"learn":[0.1592832552],"iteration":589,"passed_time":0.9282019969,"remaining_time":0.6450217266},
{"learn":[0.1589748746],"iteration":590,"passed_time":0.9295645277,"remaining_time":0.6433026935},
{"learn":[0.1587106873],"iteration":591,"passed_time":0.9309490917,"remaining_time":0.6416000497},
{"learn":[0.1586304619],"iteration":592,"passed_time":0.9322986698,"remaining_time":0.6398744664},
{"learn":[0.1583675462],"iteration":593,"passed_time":0.9336531209,"remaining_time":0.6381534799},
{"learn":[0.1582385731],"iteration":594,"passed_time":0.9349525523,"remaining_time":0.6363962751},
{"learn":[0.1580848305],"iteration":595,"passed_time":0.9362153326,"remaining_time":0.6346157624},
{"learn":[0.1577947707],"iteration":596,"passed_time":0.9374320896,"remaining_time":0.6328059164},
{"learn":[0.1575774368],"iteration":597,"passed_time":0.9387416009,"remaining_time":0.6310604073},
{"learn":[0.1574493979],"iteration":598,"passed_time":0.9401944292,"remaining_time":0.6294122973},
{"learn":[0.1572606612],"iteration":599,"passed_time":0.9416289309,"remaining_time":0.6277526206},
{"learn":[0.1571424964],"iteration":600,"passed_time":0.9428814653,"remaining_time":0.6259728863},
{"learn":[0.1568716529],"iteration":601,"passed_time":0.9448611211,"remaining_time":0.6246756249},
{"learn":[0.1567448986],"iteration":602,"passed_time":0.946053222,"remaining_time":0.6228575939},
{"learn":[0.1566646602],"iteration":603,"passed_time":0.9474334547,"remaining_time":0.6211649802},
{"learn":[0.1564653617],"iteration":604,"passed_time":0.9488280976,"remaining_time":0.6194828075},
{"learn":[0.1563281753],"iteration":605,"passed_time":0.9500432711,"remaining_time":0.6176848991},
{"learn":[0.1560244528],"iteration":606,"passed_time":0.9513691499,"remaining_time":0.6159605863},
{"learn":[0.1559646373],"iteration":607,"passed_time":0.9527997371,"remaining_time":0.6143050937},
{"learn":[0.1557294106],"iteration":608,"passed_time":0.9542883419,"remaining_time":0.612687589},
{"learn":[0.1555189924],"iteration":609,"passed_time":0.9555610352,"remaining_time":0.6109324651},
{"learn":[0.1553931982],"iteration":610,"passed_time":0.9569889566,"remaining_time":0.6092777481},
{"learn":[0.1553125576],"iteration":611,"passed_time":0.958288263,"remaining_time":0.6075422321},
{"learn":[0.1550281551],"iteration":612,"passed_time":0.9596182241,"remaining_time":0.6058274922},
{"learn":[0.1546368761],"iteration":613,"passed_time":0.9608972898,"remaining_time":0.6040820095},
{"learn":[0.1545614126],"iteration":614,"passed_time":0.9621554459,"remaining_time":0.602324954},
{"learn":[0.1542503071],"iteration":615,"passed_time":0.9634603332,"remaining_time":0.6005986492},
{"learn":[0.1540983291],"iteration":616,"passed_time":0.9647100348,"remaining_time":0.5988394543},
{"learn":[0.1538724575],"iteration":617,"passed_time":0.9660514912,"remaining_time":0.597138624},
{"learn":[0.1537763894],"iteration":618,"passed_time":0.9672288471,"remaining_time":0.5953379495},
{"learn":[0.1536399426],"iteration":619,"passed_time":0.9684235289,"remaining_time":0.5935499048},
{"learn":[0.1534977867],"iteration":620,"passed_time":0.9697468677,"remaining_time":0.5918422912},
{"learn":[0.1532789217],"iteration":621,"passed_time":0.9711640014,"remaining_time":0.590192914},
{"learn":[0.1531251401],"iteration":622,"passed_time":0.9723563932,"remaining_time":0.5884082829},
{"learn":[0.1530713451],"iteration":623,"passed_time":0.9735467858,"remaining_time":0.5866243453},
{"learn":[0.1529541275],"iteration":624,"passed_time":0.9747878249,"remaining_time":0.584872695},
{"learn":[0.1527659877],"iteration":625,"passed_time":0.9760416499,"remaining_time":0.5831303148},
{"learn":[0.1525540384],"iteration":626,"passed_time":0.977334376,"remaining_time":0.5814126352},
{"learn":[0.152425247],"iteration":627,"passed_time":0.978778083,"remaining_time":0.5797857434},
{"learn":[0.1521424015],"iteration":628,"passed_time":0.9806020099,"remaining_time":0.5783836974},
{"learn":[0.1519701432],"iteration":629,"passed_time":0.9819845336,"remaining_time":0.5767210753},
{"learn":[0.1517557027],"iteration":630,"passed_time":0.9831397325,"remaining_time":0.5749264046},
{"learn":[0.1516184126],"iteration":631,"passed_time":0.9845069695,"remaining_time":0.5732572227},
{"learn":[0.1514004558],"iteration":632,"passed_time":0.9858708338,"remaining_time":0.5715870395},
{"learn":[0.151281279],"iteration":633,"passed_time":0.9870676398,"remaining_time":0.569821382},
{"learn":[0.1511300016],"iteration":634,"passed_time":0.9882885611,"remaining_time":0.5680713776},
{"learn":[0.1508503349],"iteration":635,"passed_time":0.9896725832,"remaining_time":0.5664163841},
{"learn":[0.150506584],"iteration":636,"passed_time":0.9913213321,"remaining_time":0.5649130982},
{"learn":[0.1503553845],"iteration":637,"passed_time":0.9927184319,"remaining_time":0.5632665711},
{"learn":[0.1502071822],"iteration":638,"passed_time":0.9941590152,"remaining_time":0.5616453904},
{"learn":[0.1500350148],"iteration":639,"passed_time":0.9955798974,"remaining_time":0.5600136923},
{"learn":[0.1497985165],"iteration":640,"passed_time":0.9971606728,"remaining_time":0.5584722021},
{"learn":[0.1497292551],"iteration":641,"passed_time":0.9984444856,"remaining_time":0.5567649935},
{"learn":[0.1494471621],"iteration":642,"passed_time":0.999692022,"remaining_time":0.5550389609},
{"learn":[0.1492904871],"iteration":643,"passed_time":1.000911861,"remaining_time":0.5532991031},
{"learn":[0.1488825999],"iteration":644,"passed_time":1.002276475,"remaining_time":0.5516405404},
{"learn":[0.1485876356],"iteration":645,"passed_time":1.003623138,"remaining_time":0.5499730509},
{"learn":[0.1483124454],"iteration":646,"passed_time":1.00505335,"remaining_time":0.5483521371},
{"learn":[0.1481458054],"iteration":647,"passed_time":1.00649385,"remaining_time":0.5467373999},
{"learn":[0.1479941388],"iteration":648,"passed_time":1.008178375,"remaining_time":0.5452551767},
{"learn":[0.1476493109],"iteration":649,"passed_time":1.009544612,"remaining_time":0.5436009452},
{"learn":[0.1475713431],"iteration":650,"passed_time":1.010925803,"remaining_time":0.5419556147},
{"learn":[0.1473610028],"iteration":651,"passed_time":1.013789933,"remaining_time":0.5411026024},
{"learn":[0.1471863442],"iteration":652,"passed_time":1.015179537,"remaining_time":0.5394598765},
{"learn":[0.1469627692],"iteration":653,"passed_time":1.016488048,"remaining_time":0.5377750222},
{"learn":[0.1468140349],"iteration":654,"passed_time":1.017892604,"remaining_time":0.5361419057},
{"learn":[0.1466418935],"iteration":655,"passed_time":1.01916413,"remaining_time":0.5344397269},
{"learn":[0.1463629275],"iteration":656,"passed_time":1.020559856,"remaining_time":0.5328036994},
{"learn":[0.1460799133],"iteration":657,"passed_time":1.021859704,"remaining_time":0.5311185696},
{"learn":[0.1458446996],"iteration":658,"passed_time":1.023184959,"remaining_time":0.5294477557},
{"learn":[0.1457862075],"iteration":659,"passed_time":1.024655571,"remaining_time":0.52785287},
{"learn":[0.1455808886],"iteration":660,"passed_time":1.025870454,"remaining_time":0.526127207},
{"learn":[0.145496576],"iteration":661,"passed_time":1.027257225,"remaining_time":0.5244908489},
{"learn":[0.1453062693],"iteration":662,"passed_time":1.028596515,"remaining_time":0.5228311095},
{"learn":[0.145140862],"iteration":663,"passed_time":1.03004876,"remaining_time":0.5212294928},
{"learn":[0.1449696028],"iteration":664,"passed_time":1.031284176,"remaining_time":0.5195190962},
{"learn":[0.1447949312],"iteration":665,"passed_time":1.03269927,"remaining_time":0.5179002343},
{"learn":[0.1446294979],"iteration":666,"passed_time":1.033966964,"remaining_time":0.5162083942},
{"learn":[0.1444696569],"iteration":667,"passed_time":1.035449196,"remaining_time":0.5146244508},
{"learn":[0.1442520764],"iteration":668,"passed_time":1.036676241,"remaining_time":0.5129145527},
{"learn":[0.1440312522],"iteration":669,"passed_time":1.038081172,"remaining_time":0.5112937114},
{"learn":[0.1439616015],"iteration":670,"passed_time":1.039544994,"remaining_time":0.5097023892},
{"learn":[0.1437682586],"iteration":671,"passed_time":1.040930891,"remaining_time":0.508073411},
{"learn":[0.143674552],"iteration":672,"passed_time":1.04254807,"remaining_time":0.5065575316},
{"learn":[0.1435480442],"iteration":673,"passed_time":1.04391085,"remaining_time":0.5049183044},
{"learn":[0.1433389495],"iteration":674,"passed_time":1.045206158,"remaining_time":0.5032474096},
{"learn":[0.1430970276],"iteration":675,"passed_time":1.046534078,"remaining_time":0.5015932565},
{"learn":[0.1429203968],"iteration":676,"passed_time":1.047841091,"remaining_time":0.499930092},
{"learn":[0.1427945637],"iteration":677,"passed_time":1.04928234,"remaining_time":0.4983317306},
{"learn":[0.1426391991],"iteration":678,"passed_time":1.050679773,"remaining_time":0.4967131182},
{"learn":[0.1423991716],"iteration":679,"passed_time":1.052003862,"remaining_time":0.4950606408},
{"learn":[0.1422684598],"iteration":680,"passed_time":1.053214288,"remaining_time":0.4933558854},
{"learn":[0.1420439247],"iteration":681,"passed_time":1.054772282,"remaining_time":0.4918146417},
{"learn":[0.1419440548],"iteration":682,"passed_time":1.056082043,"remaining_time":0.4901581372},
{"learn":[0.1417879637],"iteration":683,"passed_time":1.057323874,"remaining_time":0.4884712634},
{"learn":[0.1415671134],"iteration":684,"passed_time":1.058633885,"remaining_time":0.4868170421},
{"learn":[0.141448767],"iteration":685,"passed_time":1.060196502,"remaining_time":0.4852794484},
{"learn":[0.1411754971],"iteration":686,"passed_time":1.061511886,"remaining_time":0.4836291416},
{"learn":[0.1409915223],"iteration":687,"passed_time":1.063710162,"remaining_time":0.4823801898},
{"learn":[0.1407838419],"iteration":688,"passed_time":1.06504154,"remaining_time":0.4807371826},
{"learn":[0.1406275042],"iteration":689,"passed_time":1.066588455,"remaining_time":0.4791919144},
{"learn":[0.1405345372],"iteration":690,"passed_time":1.067792467,"remaining_time":0.4774933028},
{"learn":[0.140408237],"iteration":691,"passed_time":1.069585949,"remaining_time":0.476058486},
{"learn":[0.1402171258],"iteration":692,"passed_time":1.071008705,"remaining_time":0.474458402},
{"learn":[0.1399991561],"iteration":693,"passed_time":1.072420842,"remaining_time":0.4728541466},
{"learn":[0.1398839756],"iteration":694,"passed_time":1.073817984,"remaining_time":0.4712438635},
{"learn":[0.1397054374],"iteration":695,"passed_time":1.075100672,"remaining_time":0.4695842017},
{"learn":[0.1394383177],"iteration":696,"passed_time":1.077378916,"remaining_time":0.4683584097},
{"learn":[0.1391663584],"iteration":697,"passed_time":1.078731077,"remaining_time":0.4667289188},
{"learn":[0.1389802167],"iteration":698,"passed_time":1.080113683,"remaining_time":0.4651133313},
{"learn":[0.1388128631],"iteration":699,"passed_time":1.081447476,"remaining_time":0.4634774899},
{"learn":[0.1386754821],"iteration":700,"passed_time":1.082673687,"remaining_time":0.4617966228},
{"learn":[0.1384826582],"iteration":701,"passed_time":1.084155629,"remaining_time":0.4602256089},
{"learn":[0.1381984503],"iteration":702,"passed_time":1.085388338,"remaining_time":0.4585495541},
{"learn":[0.1379731885],"iteration":703,"passed_time":1.086664238,"remaining_time":0.4568929184},
{"learn":[0.1378565159],"iteration":704,"passed_time":1.088060964,"remaining_time":0.4552879213},
{"learn":[0.1376286202],"iteration":705,"passed_time":1.089619041,"remaining_time":0.4537507055},
{"learn":[0.1375389359],"iteration":706,"passed_time":1.090915432,"remaining_time":0.4521049809},
{"learn":[0.1372920315],"iteration":707,"passed_time":1.092231024,"remaining_time":0.4504681623},
{"learn":[0.1372490448],"iteration":708,"passed_time":1.093530289,"remaining_time":0.4488255488},
{"learn":[0.1369881792],"iteration":709,"passed_time":1.095391035,"remaining_time":0.4474132397},
{"learn":[0.1367337882],"iteration":710,"passed_time":1.097100842,"remaining_time":0.445938317},
{"learn":[0.1365308956],"iteration":711,"passed_time":1.098433052,"remaining_time":0.4443099987},
{"learn":[0.1363736626],"iteration":712,"passed_time":1.099709452,"remaining_time":0.4426600459},
{"learn":[0.1362631532],"iteration":713,"passed_time":1.100905759,"remaining_time":0.4409790577},
{"learn":[0.136141018],"iteration":714,"passed_time":1.102351965,"remaining_time":0.4393990351},
{"learn":[0.1358960729],"iteration":715,"passed_time":1.103719869,"remaining_time":0.4377883279},
{"learn":[0.1358459628],"iteration":716,"passed_time":1.10559919,"remaining_time":0.4363801547},
{"learn":[0.1355206107],"iteration":717,"passed_time":1.106798371,"remaining_time":0.4347035387},
{"learn":[0.1352580453],"iteration":718,"passed_time":1.108099635,"remaining_time":0.4330681467},
{"learn":[0.1351790655],"iteration":719,"passed_time":1.109494737,"remaining_time":0.4314701754},
{"learn":[0.13511611],"iteration":720,"passed_time":1.110834736,"remaining_time":0.4298514442},
{"learn":[0.1349277367],"iteration":721,"passed_time":1.112108845,"remaining_time":0.4282081146},
{"learn":[0.1349032136],"iteration":722,"passed_time":1.113643348,"remaining_time":0.4266655703},
{"learn":[0.1347952603],"iteration":723,"passed_time":1.1151988,"remaining_time":0.4251310344},
{"learn":[0.1346341088],"iteration":724,"passed_time":1.116361162,"remaining_time":0.4234473374},
{"learn":[0.1344944312],"iteration":725,"passed_time":1.11753831,"remaining_time":0.4217706571},
{"learn":[0.1343642254],"iteration":726,"passed_time":1.119160111,"remaining_time":0.4202623251},
{"learn":[0.1340869722],"iteration":727,"passed_time":1.120553755,"remaining_time":0.4186684361},
{"learn":[0.1340375368],"iteration":728,"passed_time":1.121807789,"remaining_time":0.4170231974},
{"learn":[0.1339386921],"iteration":729,"passed_time":1.122945536,"remaining_time":0.4153360202},
{"learn":[0.133647257],"iteration":730,"passed_time":1.124176287,"remaining_time":0.4136845709},
{"learn":[0.1334353985],"iteration":731,"passed_time":1.125836532,"remaining_time":0.4121915171},
{"learn":[0.1333064384],"iteration":732,"passed_time":1.127342671,"remaining_time":0.4106418735},
{"learn":[0.1331417836],"iteration":733,"passed_time":1.128546225,"remaining_time":0.4089826918},
{"learn":[0.1329776997],"iteration":734,"passed_time":1.130033497,"remaining_time":0.4074270431},
{"learn":[0.1328122145],"iteration":735,"passed_time":1.131387448,"remaining_time":0.4058237586},
{"learn":[0.1325698256],"iteration":736,"passed_time":1.132562889,"remaining_time":0.4041574488},
{"learn":[0.1324487543],"iteration":737,"passed_time":1.134050952,"remaining_time":0.4026034545},
{"learn":[0.1323591479],"iteration":738,"passed_time":1.135428477,"remaining_time":0.4010105987},
{"learn":[0.1321077671],"iteration":739,"passed_time":1.136606874,"remaining_time":0.3993483612},
{"learn":[0.1320306168],"iteration":740,"passed_time":1.137841166,"remaining_time":0.3977069663},
{"learn":[0.1318410757],"iteration":741,"passed_time":1.138964795,"remaining_time":0.3960281901},
{"learn":[0.1316558682],"iteration":742,"passed_time":1.140243152,"remaining_time":0.394404428},
{"learn":[0.131478913],"iteration":743,"passed_time":1.141534253,"remaining_time":0.3927859797},
{"learn":[0.1314329679],"iteration":744,"passed_time":1.142946931,"remaining_time":0.3912100234},
{"learn":[0.1312839742],"iteration":745,"passed_time":1.144267771,"remaining_time":0.3896032356},
{"learn":[0.1311956912],"iteration":746,"passed_time":1.145526761,"remaining_time":0.3879762656},
{"learn":[0.1309188921],"iteration":747,"passed_time":1.146768382,"remaining_time":0.3863444283},
{"learn":[0.1307203332],"iteration":748,"passed_time":1.148147907,"remaining_time":0.3847598462},
{"learn":[0.1304700683],"iteration":749,"passed_time":1.14972231,"remaining_time":0.3832407702},
{"learn":[0.1303292878],"iteration":750,"passed_time":1.151074803,"remaining_time":0.3816479708},
{"learn":[0.1302159238],"iteration":751,"passed_time":1.1525642,"remaining_time":0.3801009595},
{"learn":[0.1300720812],"iteration":752,"passed_time":1.153877502,"remaining_time":0.3784963385},
{"learn":[0.1298907663],"iteration":753,"passed_time":1.155157733,"remaining_time":0.3768817006},
{"learn":[0.1298244762],"iteration":754,"passed_time":1.156402603,"remaining_time":0.375256474},
{"learn":[0.1295406186],"iteration":755,"passed_time":1.157759388,"remaining_time":0.3736683738},
{"learn":[0.1293911318],"iteration":756,"passed_time":1.159072273,"remaining_time":0.3720667929},
{"learn":[0.1291772233],"iteration":757,"passed_time":1.160299859,"remaining_time":0.3704387413},
{"learn":[0.1289940399],"iteration":758,"passed_time":1.161789755,"remaining_time":0.3688950343},
{"learn":[0.1288073793],"iteration":759,"passed_time":1.163355329,"remaining_time":0.367375367},
{"learn":[0.12860956],"iteration":760,"passed_time":1.164466171,"remaining_time":0.3657127659},
{"learn":[0.1285102481],"iteration":761,"passed_time":1.16593545,"remaining_time":0.3641635659},
{"learn":[0.1283547797],"iteration":762,"passed_time":1.168407407,"remaining_time":0.3629260228},
{"learn":[0.1282053837],"iteration":763,"passed_time":1.170062319,"remaining_time":0.361432863},
{"learn":[0.128113312],"iteration":764,"passed_time":1.171400443,"remaining_time":0.3598419661},
{"learn":[0.1279458026],"iteration":765,"passed_time":1.172798084,"remaining_time":0.3582699109},
{"learn":[0.1278760741],"iteration":766,"passed_time":1.174371655,"remaining_time":0.3567517543},
{"learn":[0.1277607769],"iteration":767,"passed_time":1.175890414,"remaining_time":0.355216896},
{"learn":[0.1276225654],"iteration":768,"passed_time":1.177687519,"remaining_time":0.3537656917},
{"learn":[0.1275349053],"iteration":769,"passed_time":1.178878995,"remaining_time":0.3521326869},
{"learn":[0.1273969014],"iteration":770,"passed_time":1.184884646,"remaining_time":0.3519307184},
{"learn":[0.127325045],"iteration":771,"passed_time":1.186274707,"remaining_time":0.3503505612},
{"learn":[0.1270522682],"iteration":772,"passed_time":1.189509188,"remaining_time":0.3493125299},
{"learn":[0.1269754163],"iteration":773,"passed_time":1.190769719,"remaining_time":0.3476924502},
{"learn":[0.1268348694],"iteration":774,"passed_time":1.192225338,"remaining_time":0.3461299368},
{"learn":[0.1267591204],"iteration":775,"passed_time":1.193446009,"remaining_time":0.344499879},
{"learn":[0.1265818797],"iteration":776,"passed_time":1.196864332,"remaining_time":0.3435016037},
{"learn":[0.1263587588],"iteration":777,"passed_time":1.198602794,"remaining_time":0.3420177637},
{"learn":[0.1261271652],"iteration":778,"passed_time":1.200119346,"remaining_time":0.3404703151},
{"learn":[0.1260693349],"iteration":779,"passed_time":1.201850353,"remaining_time":0.3389834328},
{"learn":[0.1257780425],"iteration":780,"passed_time":1.203366363,"remaining_time":0.3374356384},
{"learn":[0.1255991021],"iteration":781,"passed_time":1.205000285,"remaining_time":0.3359207956},
{"learn":[0.1254384826],"iteration":782,"passed_time":1.206321666,"remaining_time":0.3343190313},
{"learn":[0.1252017378],"iteration":783,"passed_time":1.20755729,"remaining_time":0.3326943554},
{"learn":[0.1250676136],"iteration":784,"passed_time":1.20899275,"remaining_time":0.331125403},
{"learn":[0.1249033091],"iteration":785,"passed_time":1.210780151,"remaining_time":0.3296526111},
{"learn":[0.1246179853],"iteration":786,"passed_time":1.213119119,"remaining_time":0.3283283004},
{"learn":[0.1243070226],"iteration":787,"passed_time":1.214636837,"remaining_time":0.3267804689},
{"learn":[0.124172055],"iteration":788,"passed_time":1.216946026,"remaining_time":0.3254443746},
{"learn":[0.1240327018],"iteration":789,"passed_time":1.218448585,"remaining_time":0.3238913959},
{"learn":[0.1238389826],"iteration":790,"passed_time":1.219530896,"remaining_time":0.322227506},
{"learn":[0.1236284087],"iteration":791,"passed_time":1.22073649,"remaining_time":0.3205974621},
{"learn":[0.1235593679],"iteration":792,"passed_time":1.221939878,"remaining_time":0.3189679126},
{"learn":[0.1234729274],"iteration":793,"passed_time":1.223129896,"remaining_time":0.3173359679},
{"learn":[0.123288706],"iteration":794,"passed_time":1.224278471,"remaining_time":0.3156944485},
{"learn":[0.1232447462],"iteration":795,"passed_time":1.225682693,"remaining_time":0.3141196852},
{"learn":[0.1231822968],"iteration":796,"passed_time":1.227406536,"remaining_time":0.3126267587},
{"learn":[0.1229396353],"iteration":797,"passed_time":1.229035666,"remaining_time":0.311109279},
{"learn":[0.1227285684],"iteration":798,"passed_time":1.230465212,"remaining_time":0.3095413112},
{"learn":[0.1225968056],"iteration":799,"passed_time":1.231854441,"remaining_time":0.3079636103},
{"learn":[0.1223742946],"iteration":800,"passed_time":1.2334151,"remaining_time":0.3064289698},
{"learn":[0.1222561298],"iteration":801,"passed_time":1.234617363,"remaining_time":0.3048057828},
{"learn":[0.1221748144],"iteration":802,"passed_time":1.236048741,"remaining_time":0.3032398529},
{"learn":[0.1220799011],"iteration":803,"passed_time":1.237313145,"remaining_time":0.3016335528},
{"learn":[0.1218537441],"iteration":804,"passed_time":1.238611661,"remaining_time":0.3000363651},
{"learn":[0.1216793839],"iteration":805,"passed_time":1.240108013,"remaining_time":0.2984875365},
{"learn":[0.1216242265],"iteration":806,"passed_time":1.241426228,"remaining_time":0.2968962355},
{"learn":[0.121549762],"iteration":807,"passed_time":1.243280518,"remaining_time":0.2954329944},
{"learn":[0.1214018322],"iteration":808,"passed_time":1.245199198,"remaining_time":0.2939839888},
{"learn":[0.1212338558],"iteration":809,"passed_time":1.246526286,"remaining_time":0.2923950547},
{"learn":[0.1210821243],"iteration":810,"passed_time":1.248026428,"remaining_time":0.290847096},
{"learn":[0.1209032746],"iteration":811,"passed_time":1.249325943,"remaining_time":0.2892528046},
{"learn":[0.1207648037],"iteration":812,"passed_time":1.250969943,"remaining_time":0.287738474},
{"learn":[0.1206307833],"iteration":813,"passed_time":1.252334224,"remaining_time":0.2861599087},
{"learn":[0.1203685423],"iteration":814,"passed_time":1.253681261,"remaining_time":0.284577955},
{"learn":[0.1203135666],"iteration":815,"passed_time":1.254959618,"remaining_time":0.2829810904},
{"learn":[0.1200622507],"iteration":816,"passed_time":1.256280083,"remaining_time":0.2813944372},
{"learn":[0.1200163316],"iteration":817,"passed_time":1.257667771,"remaining_time":0.2798233916},
{"learn":[0.1197528709],"iteration":818,"passed_time":1.25915521,"remaining_time":0.2782748389},
{"learn":[0.1196848811],"iteration":819,"passed_time":1.260749814,"remaining_time":0.2767499592},
{"learn":[0.1195167619],"iteration":820,"passed_time":1.262972663,"remaining_time":0.2753618839},
{"learn":[0.1194648224],"iteration":821,"passed_time":1.264538154,"remaining_time":0.2738294299},
{"learn":[0.1192595294],"iteration":822,"passed_time":1.265687146,"remaining_time":0.2722073206},
{"learn":[0.1190242767],"iteration":823,"passed_time":1.267081456,"remaining_time":0.2706387576},
{"learn":[0.1189703909],"iteration":824,"passed_time":1.268440405,"remaining_time":0.2690631163},
{"learn":[0.1188777223],"iteration":825,"passed_time":1.270202816,"remaining_time":0.2675729904},
{"learn":[0.1187247711],"iteration":826,"passed_time":1.271662183,"remaining_time":0.2660188121},
{"learn":[0.1185565611],"iteration":827,"passed_time":1.272947495,"remaining_time":0.2644287067},
{"learn":[0.1183787236],"iteration":828,"passed_time":1.27432956,"remaining_time":0.262859294},
{"learn":[0.1181816049],"iteration":829,"passed_time":1.275767977,"remaining_time":0.2613018748},
{"learn":[0.1181163918],"iteration":830,"passed_time":1.276951081,"remaining_time":0.2596928191},
{"learn":[0.1180458847],"iteration":831,"passed_time":1.278523236,"remaining_time":0.2581633457},
{"learn":[0.1179066094],"iteration":832,"passed_time":1.280083394,"remaining_time":0.2566313648},
{"learn":[0.1177662311],"iteration":833,"passed_time":1.2821264,"remaining_time":0.2551954224},
{"learn":[0.1175975151],"iteration":834,"passed_time":1.283903971,"remaining_time":0.2537055751},
{"learn":[0.117458071],"iteration":835,"passed_time":1.285333142,"remaining_time":0.2521466929},
{"learn":[0.1172803762],"iteration":836,"passed_time":1.286742404,"remaining_time":0.2505842435},
{"learn":[0.1171748752],"iteration":837,"passed_time":1.28868545,"remaining_time":0.2491253494},
{"learn":[0.117087734],"iteration":838,"passed_time":1.290017535,"remaining_time":0.2475480609},
{"learn":[0.1170147357],"iteration":839,"passed_time":1.291608057,"remaining_time":0.2460205823},
{"learn":[0.1167914721],"iteration":840,"passed_time":1.293340021,"remaining_time":0.2445196949},
{"learn":[0.1167262071],"iteration":841,"passed_time":1.29468406,"remaining_time":0.2429454649},
{"learn":[0.1166319425],"iteration":842,"passed_time":1.296002026,"remaining_time":0.2413669253},
{"learn":[0.1164805743],"iteration":843,"passed_time":1.297205996,"remaining_time":0.2397679329},
{"learn":[0.116293213],"iteration":844,"passed_time":1.298564487,"remaining_time":0.2381982196},
{"learn":[0.1161079666],"iteration":845,"passed_time":1.2998897,"remaining_time":0.2366229478},
{"learn":[0.1159602185],"iteration":846,"passed_time":1.301231781,"remaining_time":0.2350513135},
{"learn":[0.1157557948],"iteration":847,"passed_time":1.302508931,"remaining_time":0.233468582},
{"learn":[0.1156281711],"iteration":848,"passed_time":1.304435733,"remaining_time":0.2320021151},
{"learn":[0.1155733121],"iteration":849,"passed_time":1.305859614,"remaining_time":0.2304458143},
{"learn":[0.1155128739],"iteration":850,"passed_time":1.307599284,"remaining_time":0.2289451156},
{"learn":[0.1153556538],"iteration":851,"passed_time":1.308995135,"remaining_time":0.2273841313},
{"learn":[0.1152722106],"iteration":852,"passed_time":1.310715854,"remaining_time":0.22587952},
{"learn":[0.115016029],"iteration":853,"passed_time":1.311997919,"remaining_time":0.22429941},
{"learn":[0.1149009393],"iteration":854,"passed_time":1.313451205,"remaining_time":0.2227490347},
{"learn":[0.1148101002],"iteration":855,"passed_time":1.314719732,"remaining_time":0.2211678053},
{"learn":[0.114545368],"iteration":856,"passed_time":1.316004002,"remaining_time":0.2195899327},
{"learn":[0.1143602514],"iteration":857,"passed_time":1.317352706,"remaining_time":0.2180234082},
{"learn":[0.1141841655],"iteration":858,"passed_time":1.318785209,"remaining_time":0.2164711461},
{"learn":[0.1139719308],"iteration":859,"passed_time":1.320231039,"remaining_time":0.214921332},
{"learn":[0.1138738256],"iteration":860,"passed_time":1.321666125,"remaining_time":0.2133700248},
{"learn":[0.1136912391],"iteration":861,"passed_time":1.323070306,"remaining_time":0.2118140397},
{"learn":[0.1135323453],"iteration":862,"passed_time":1.324572489,"remaining_time":0.2102739641},
{"learn":[0.1133862191],"iteration":863,"passed_time":1.326147726,"remaining_time":0.2087454754},
{"learn":[0.1132783695],"iteration":864,"passed_time":1.327473813,"remaining_time":0.207177994},
{"learn":[0.1131777082],"iteration":865,"passed_time":1.328746798,"remaining_time":0.2056028532},
{"learn":[0.1130005194],"iteration":866,"passed_time":1.330255769,"remaining_time":0.2040646105},
{"learn":[0.1129437661],"iteration":867,"passed_time":1.331483397,"remaining_time":0.2024836502},
{"learn":[0.1129085515],"iteration":868,"passed_time":1.332822188,"remaining_time":0.2009202608},
{"learn":[0.1127195034],"iteration":869,"passed_time":1.334214415,"remaining_time":0.1993653723},
{"learn":[0.112557755],"iteration":870,"passed_time":1.335548624,"remaining_time":0.1978022647},
{"learn":[0.1124113952],"iteration":871,"passed_time":1.337036813,"remaining_time":0.1962622845},
{"learn":[0.1122734433],"iteration":872,"passed_time":1.338623962,"remaining_time":0.1947368192},
{"learn":[0.1121768043],"iteration":873,"passed_time":1.340759805,"remaining_time":0.1932903151},
{"learn":[0.1120114489],"iteration":874,"passed_time":1.342135247,"remaining_time":0.1917336067},
{"learn":[0.1118844999],"iteration":875,"passed_time":1.343832018,"remaining_time":0.190222797},
{"learn":[0.1118639732],"iteration":876,"passed_time":1.345236739,"remaining_time":0.1886706031},
{"learn":[0.1117728227],"iteration":877,"passed_time":1.346501019,"remaining_time":0.1870992304},
{"learn":[0.111659303],"iteration":878,"passed_time":1.347811404,"remaining_time":0.1855349032},
{"learn":[0.1115231676],"iteration":879,"passed_time":1.34935153,"remaining_time":0.1840024814},
{"learn":[0.1113963484],"iteration":880,"passed_time":1.350777369,"remaining_time":0.1824546049},
{"learn":[0.1112313044],"iteration":881,"passed_time":1.352113328,"remaining_time":0.1808949804},
{"learn":[0.1109984781],"iteration":882,"passed_time":1.353429295,"remaining_time":0.1793332134},
{"learn":[0.1108218602],"iteration":883,"passed_time":1.354933101,"remaining_time":0.1777966513},
{"learn":[0.1106422191],"iteration":884,"passed_time":1.356368852,"remaining_time":0.1762513198},
{"learn":[0.1104168795],"iteration":885,"passed_time":1.357672407,"remaining_time":0.1746892262},
{"learn":[0.1101593614],"iteration":886,"passed_time":1.359584673,"remaining_time":0.1732052628},
{"learn":[0.1099090187],"iteration":887,"passed_time":1.361068572,"remaining_time":0.1716663064},
{"learn":[0.1098389917],"iteration":888,"passed_time":1.362366046,"remaining_time":0.170104197},
{"learn":[0.1097167398],"iteration":889,"passed_time":1.363686053,"remaining_time":0.1685454672},
{"learn":[0.1095776071],"iteration":890,"passed_time":1.365003727,"remaining_time":0.166986988},
{"learn":[0.1093451312],"iteration":891,"passed_time":1.366269464,"remaining_time":0.1654227603},
{"learn":[0.1091768693],"iteration":892,"passed_time":1.367669689,"remaining_time":0.1638753155},
{"learn":[0.1090085944],"iteration":893,"passed_time":1.36903905,"remaining_time":0.1623245406},
{"learn":[0.1088446014],"iteration":894,"passed_time":1.370758186,"remaining_time":0.1608152062},
{"learn":[0.108720734],"iteration":895,"passed_time":1.372749671,"remaining_time":0.1593370154},
{"learn":[0.1084987225],"iteration":896,"passed_time":1.374577764,"remaining_time":0.1578389182},
{"learn":[0.108431589],"iteration":897,"passed_time":1.376697114,"remaining_time":0.1563731688},
{"learn":[0.1081750636],"iteration":898,"passed_time":1.377966974,"remaining_time":0.1548105277},
{"learn":[0.1080067823],"iteration":899,"passed_time":1.379293353,"remaining_time":0.153254817},
{"learn":[0.1078426854],"iteration":900,"passed_time":1.380822192,"remaining_time":0.1517218613},
{"learn":[0.1077338887],"iteration":901,"passed_time":1.382871071,"remaining_time":0.1502454157},
{"learn":[0.107606518],"iteration":902,"passed_time":1.384184497,"remaining_time":0.1486887001},
{"learn":[0.1074323784],"iteration":903,"passed_time":1.385765731,"remaining_time":0.1471609626},
{"learn":[0.1072085634],"iteration":904,"passed_time":1.38720798,"remaining_time":0.1456185173},
{"learn":[0.1071742246],"iteration":905,"passed_time":1.38890471,"remaining_time":0.1441026962},
{"learn":[0.1069342814],"iteration":906,"passed_time":1.39047245,"remaining_time":0.1425732501},
{"learn":[0.1066813436],"iteration":907,"passed_time":1.391815947,"remaining_time":0.1410209991},
{"learn":[0.106609617],"iteration":908,"passed_time":1.393246451,"remaining_time":0.1394779176},
{"learn":[0.1064881111],"iteration":909,"passed_time":1.395392499,"remaining_time":0.1380058515},
{"learn":[0.106353111],"iteration":910,"passed_time":1.396891391,"remaining_time":0.1364690821},
{"learn":[0.1062344142],"iteration":911,"passed_time":1.398267126,"remaining_time":0.1349205122},
{"learn":[0.1061414667],"iteration":912,"passed_time":1.400320669,"remaining_time":0.1334369093},
{"learn":[0.1060056751],"iteration":913,"passed_time":1.401737762,"remaining_time":0.1318921745},
{"learn":[0.1058548973],"iteration":914,"passed_time":1.403242069,"remaining_time":0.1303558206},
{"learn":[0.1057182494],"iteration":915,"passed_time":1.404899397,"remaining_time":0.1288335692},
{"learn":[0.1056538212],"iteration":916,"passed_time":1.406277173,"remaining_time":0.1272857201},
{"learn":[0.1054686527],"iteration":917,"passed_time":1.407503342,"remaining_time":0.1257246994},
{"learn":[0.1053113548],"iteration":918,"passed_time":1.408843007,"remaining_time":0.1241744109},
{"learn":[0.1052608425],"iteration":919,"passed_time":1.410379385,"remaining_time":0.1226416856},
{"learn":[0.105128418],"iteration":920,"passed_time":1.412021469,"remaining_time":0.1211180196},
{"learn":[0.104972236],"iteration":921,"passed_time":1.413373131,"remaining_time":0.1195695273},
{"learn":[0.1047704917],"iteration":922,"passed_time":1.415061738,"remaining_time":0.1180495708},
{"learn":[0.1046535725],"iteration":923,"passed_time":1.416340511,"remaining_time":0.1164955399},
{"learn":[0.1046415705],"iteration":924,"passed_time":1.417715288,"remaining_time":0.1149498882},
{"learn":[0.1046021001],"iteration":925,"passed_time":1.419163868,"remaining_time":0.1134105035},
{"learn":[0.1045585944],"iteration":926,"passed_time":1.420544059,"remaining_time":0.1118659291},
{"learn":[0.1044972867],"iteration":927,"passed_time":1.421907048,"remaining_time":0.1103203744},
{"learn":[0.1043641551],"iteration":928,"passed_time":1.423341592,"remaining_time":0.1087806814},
{"learn":[0.1042137405],"iteration":929,"passed_time":1.424723448,"remaining_time":0.1072372488},
{"learn":[0.1040392895],"iteration":930,"passed_time":1.426641088,"remaining_time":0.1057338723},
{"learn":[0.1039312648],"iteration":931,"passed_time":1.427970341,"remaining_time":0.1041866773},
{"learn":[0.1038770092],"iteration":932,"passed_time":1.429340078,"remaining_time":0.1026428566},
{"learn":[0.1037279181],"iteration":933,"passed_time":1.430608855,"remaining_time":0.1010922746},
{"learn":[0.1035698612],"iteration":934,"passed_time":1.431972677,"remaining_time":0.09954890271},
{"learn":[0.1034148599],"iteration":935,"passed_time":1.433462033,"remaining_time":0.09801449798},
{"learn":[0.1033173191],"iteration":936,"passed_time":1.434918693,"remaining_time":0.09647799108},
{"learn":[0.1032248646],"iteration":937,"passed_time":1.436748909,"remaining_time":0.0949663458},
{"learn":[0.103192777],"iteration":938,"passed_time":1.438502032,"remaining_time":0.09344901377},
{"learn":[0.1030870684],"iteration":939,"passed_time":1.439994761,"remaining_time":0.09191455919},
{"learn":[0.1030530475],"iteration":940,"passed_time":1.441428972,"remaining_time":0.09037652425},
{"learn":[0.1028376728],"iteration":941,"passed_time":1.443051856,"remaining_time":0.08885032658},
{"learn":[0.1027203255],"iteration":942,"passed_time":1.444464658,"remaining_time":0.08731122537},
{"learn":[0.1026710718],"iteration":943,"passed_time":1.445801158,"remaining_time":0.08576786529},
{"learn":[0.1026374142],"iteration":944,"passed_time":1.447848328,"remaining_time":0.08426630482},
{"learn":[0.1025115422],"iteration":945,"passed_time":1.449267587,"remaining_time":0.0827277481},
{"learn":[0.1024175696],"iteration":946,"passed_time":1.450679182,"remaining_time":0.08118901441},
{"learn":[0.1022744795],"iteration":947,"passed_time":1.45192122,"remaining_time":0.07964124834},
{"learn":[0.1021049655],"iteration":948,"passed_time":1.453204283,"remaining_time":0.07809633132},
{"learn":[0.1020020465],"iteration":949,"passed_time":1.454894389,"remaining_time":0.07657338889},
{"learn":[0.1018949496],"iteration":950,"passed_time":1.456269623,"remaining_time":0.0750338712},
{"learn":[0.1017614222],"iteration":951,"passed_time":1.457729656,"remaining_time":0.07349897425},
{"learn":[0.1015311261],"iteration":952,"passed_time":1.459080276,"remaining_time":0.07195883836},
{"learn":[0.1014057276],"iteration":953,"passed_time":1.460431853,"remaining_time":0.07041914595},
{"learn":[0.1011932659],"iteration":954,"passed_time":1.462391059,"remaining_time":0.06890847922},
{"learn":[0.1010551907],"iteration":955,"passed_time":1.463615563,"remaining_time":0.06736305938},
{"learn":[0.1009996894],"iteration":956,"passed_time":1.464823698,"remaining_time":0.06581757474},
{"learn":[0.1008449736],"iteration":957,"passed_time":1.466187563,"remaining_time":0.06427962174},
{"learn":[0.1007036871],"iteration":958,"passed_time":1.467561256,"remaining_time":0.06274245203},
{"learn":[0.1005565228],"iteration":959,"passed_time":1.468900255,"remaining_time":0.06120417731},
{"learn":[0.1004215876],"iteration":960,"passed_time":1.470176238,"remaining_time":0.05966375993},
{"learn":[0.1003656452],"iteration":961,"passed_time":1.471692332,"remaining_time":0.05813337694},
{"learn":[0.1002454823],"iteration":962,"passed_time":1.473147159,"remaining_time":0.05660066968},
{"learn":[0.1001997189],"iteration":963,"passed_time":1.474585784,"remaining_time":0.05506751892},
{"learn":[0.09999796809],"iteration":964,"passed_time":1.476397092,"remaining_time":0.05354808107},
{"learn":[0.09982942724],"iteration":965,"passed_time":1.477750211,"remaining_time":0.05201191219},
{"learn":[0.09976499908],"iteration":966,"passed_time":1.479631365,"remaining_time":0.05049414172},
{"learn":[0.09962555503],"iteration":967,"passed_time":1.481186984,"remaining_time":0.04896485899},
{"learn":[0.09959154064],"iteration":968,"passed_time":1.48268417,"remaining_time":0.04743365249},
{"learn":[0.09948644833],"iteration":969,"passed_time":1.483991849,"remaining_time":0.04589665512},
{"learn":[0.09944256633],"iteration":970,"passed_time":1.485274079,"remaining_time":0.04435937003},
{"learn":[0.0993961996],"iteration":971,"passed_time":1.48685094,"remaining_time":0.04283109704},
{"learn":[0.09927632857],"iteration":972,"passed_time":1.48822455,"remaining_time":0.04129708411},
{"learn":[0.09915943535],"iteration":973,"passed_time":1.489605449,"remaining_time":0.03976359515},
{"learn":[0.09893500399],"iteration":974,"passed_time":1.491742208,"remaining_time":0.03824980021},
{"learn":[0.0988793665],"iteration":975,"passed_time":1.493622987,"remaining_time":0.03672843411},
{"learn":[0.09876309609],"iteration":976,"passed_time":1.495110051,"remaining_time":0.03519706365},
{"learn":[0.09868390868],"iteration":977,"passed_time":1.496556215,"remaining_time":0.03366486374},
{"learn":[0.09858366259],"iteration":978,"passed_time":1.49786481,"remaining_time":0.03212988867},
{"learn":[0.09853281942],"iteration":979,"passed_time":1.499323677,"remaining_time":0.03059844239},
{"learn":[0.09848005593],"iteration":980,"passed_time":1.501116659,"remaining_time":0.02907361522},
{"learn":[0.09837088293],"iteration":981,"passed_time":1.502374233,"remaining_time":0.02753842789},
{"learn":[0.09831217033],"iteration":982,"passed_time":1.503680121,"remaining_time":0.02600464095},
{"learn":[0.09817445846],"iteration":983,"passed_time":1.505137947,"remaining_time":0.02447378775},
{"learn":[0.09803502089],"iteration":984,"passed_time":1.506554498,"remaining_time":0.02294245428},
{"learn":[0.09788905033],"iteration":985,"passed_time":1.50781278,"remaining_time":0.02140910641},
{"learn":[0.09774965818],"iteration":986,"passed_time":1.509722464,"remaining_time":0.01988489568},
{"learn":[0.09770390777],"iteration":987,"passed_time":1.511371004,"remaining_time":0.01835673284},
{"learn":[0.09762956658],"iteration":988,"passed_time":1.512657483,"remaining_time":0.01682429961},
{"learn":[0.09747474696],"iteration":989,"passed_time":1.514059664,"remaining_time":0.01529353196},
{"learn":[0.09731069552],"iteration":990,"passed_time":1.515988216,"remaining_time":0.01376780418},
{"learn":[0.09726545113],"iteration":991,"passed_time":1.517885197,"remaining_time":0.01224100966},
{"learn":[0.09722503999],"iteration":992,"passed_time":1.519312994,"remaining_time":0.01071016209},
{"learn":[0.09714493784],"iteration":993,"passed_time":1.520689561,"remaining_time":0.009179212641},
{"learn":[0.09710808838],"iteration":994,"passed_time":1.521946094,"remaining_time":0.00764797032},
{"learn":[0.09699427676],"iteration":995,"passed_time":1.523335781,"remaining_time":0.00611781438},
{"learn":[0.09686898861],"iteration":996,"passed_time":1.52462151,"remaining_time":0.004587627411},
{"learn":[0.0967707342],"iteration":997,"passed_time":1.526072381,"remaining_time":0.003058261284},
{"learn":[0.09662170151],"iteration":998,"passed_time":1.527519585,"remaining_time":0.001529048634},
{"learn":[0.09644215772],"iteration":999,"passed_time":1.528862833,"remaining_time":0}
]}